{
    "1_130": {
        "DE": {
            "PRIVACY": {
                "HEADER": "AUTHORIZATION FOR DATA PROCESSING",
                "HEADER_SUB_1": "I confirm I’m over 16 years old and I have read the Privacy Policy provided by the Data Controllers in accordance with local applicable laws, and I",
                "GENERAL_CONSENT_NAM": "",
                "HEADER_SUB_2": "",
                "FLAG_MARKETING_OPTIN_TEXT": "I agree to the use of the Personal Data for marketing purposes (newsletters, news and promotions), in accordance to letter b. paragraph 2 of the information notice",
                "FLAG_PROFILING_OPTIN_TEXT": "I agree to the use of the Personal Data for profiling purposes of my consumer behaviour, in accordance to letter c. paragraph 2 of the information notice",
                "HEADER_SUB_3": "",
                "FOOTER_SUB_1": "I understand that providing the personal data for profiling and marketing purposes is optional.",
                "FLAG_TEXT_MESSAGE": "",
                "PRIVACY_LINK": "I confirm that I have read privacy policy.",
                "PRIVACY_LINK_DCB": "I confirm that I have read privacy policy.",
                "AGREE": ""
            }
        },
        "FR": {
            "PRIVACY": {
                "HEADER": "AUTHORIZATION FOR DATA PROCESSING",
                "HEADER_SUB_1": "I confirm I’m over 16 years old and I have read the Privacy Policy provided by the Data Controllers in accordance with local applicable laws, and I",
                "GENERAL_CONSENT_NAM": "",
                "HEADER_SUB_2": "",
                "FLAG_MARKETING_OPTIN_TEXT": "I agree to the use of the Personal Data for marketing purposes (newsletters, news and promotions), in accordance to letter b. paragraph 2 of the information notice",
                "FLAG_PROFILING_OPTIN_TEXT": "I agree to the use of the Personal Data for profiling purposes of my consumer behaviour, in accordance to letter c. paragraph 2 of the information notice",
                "HEADER_SUB_3": "",
                "FOOTER_SUB_1": "I understand that providing the personal data for profiling and marketing purposes is optional.",
                "FLAG_TEXT_MESSAGE": "",
                "PRIVACY_LINK": "I confirm that I have read privacy policy.",
                "PRIVACY_LINK_DCB": "I confirm that I have read privacy policy.",
                "AGREE": ""
            }
        },
        "HK": {
            "PRIVACY": {
                "HEADER": "AUTHORIZATION FOR DATA PROCESSING",
                "HEADER_SUB_1": "I confirm I’m over 16 years old and I have read the Privacy Policy provided by the Data Controllers in accordance with local applicable laws, and I",
                "GENERAL_CONSENT_NAM": "I agree to the transfer of my Personal Data outside of my country of residence",
                "HEADER_SUB_2": "",
                "FLAG_MARKETING_OPTIN_TEXT": "I agree to the use of the Personal Data for marketing purposes (newsletters, news and promotions), in accordance to letter b. paragraph 2 of the information notice",
                "FLAG_PROFILING_OPTIN_TEXT": "I agree to the use of the Personal Data for profiling purposes of my consumer behaviour, in accordance to letter c. paragraph 2 of the information notice",
                "HEADER_SUB_3": "",
                "FOOTER_SUB_1": "I understand that providing the personal data for profiling and marketing purposes is optional.",
                "FLAG_TEXT_MESSAGE": "",
                "PRIVACY_LINK": "I confirm that I have read privacy policy.",
                "PRIVACY_LINK_DCB": "I confirm that I have read privacy policy.",
                "AGREE": ""
            }
        },
        "IT": {
            "PRIVACY": {
                "HEADER": "CONSENSO AL TRATTAMENTO DEI DATI PERSONALI",
                "HEADER_SUB_1": "Confermo di avere la maggiore età e di aver letto e compreso l’informativa resa dai Titolari del trattamento. Ho compreso che il conferimento dei dati per finalità di marketing e profilazione è opzionale e pertanto:",
                "GENERAL_CONSENT_NAM": "",
                "HEADER_SUB_2": "",
                "FLAG_MARKETING_OPTIN_TEXT": "Acconsento all’utilizzo dei miei dati personali per finalita’ di marketing (newsletter, informazioni e promozioni) come da informativa privacy, lettera b, paragrafo 2.",
                "FLAG_PROFILING_OPTIN_TEXT": "Acconsento all’utilizzo dei miei dati personali per finalita’ di profilazione delle mie abitudini al consumo come da informativa privacy, lettera c, paragrafo 2.",
                "HEADER_SUB_3": "",
                "FOOTER_SUB_1": "Ho compreso che revocando i consensi o chiedendo la cancellazione lo faccio contemporaneamente verso tutti i Titolari.",
                "FLAG_TEXT_MESSAGE": "",
                "PRIVACY_LINK": "Confermo di aver preso visione dell’informativa privacy",
                "PRIVACY_LINK_DCB": "Confermo di aver preso visione dell’informativa privacy.",
                "AGREE": ""
            }
        },
        "JP": {
            "PRIVACY": {
                "HEADER": "AUTHORIZATION FOR DATA PROCESSING",
                "HEADER_SUB_1": "I confirm I’m over 16 years old and I have read the Privacy Policy provided by the Data Controllers in accordance with local applicable laws, and I",
                "GENERAL_CONSENT_NAM": "",
                "HEADER_SUB_2": "",
                "FLAG_MARKETING_OPTIN_TEXT": "I agree to the use of the Personal Data for marketing purposes (newsletters, news and promotions), in accordance to letter b. paragraph 2 of the information notice",
                "FLAG_PROFILING_OPTIN_TEXT": "I agree to the use of the Personal Data for profiling purposes of my consumer behaviour, in accordance to letter c. paragraph 2 of the information notice",
                "HEADER_SUB_3": "",
                "FOOTER_SUB_1": "I understand that providing the personal data for profiling and marketing purposes is optional.",
                "FLAG_TEXT_MESSAGE": "",
                "PRIVACY_LINK": "I confirm that I have read privacy policy.",
                "PRIVACY_LINK_DCB": "I confirm that I have read privacy policy.",
                "AGREE": ""
            }
        },
        "KR": {
            "PRIVACY": {
                "HEADER": "AUTHORIZATION FOR DATA PROCESSING",
                "HEADER_SUB_1": "I confirm I’m over 16 years old and I have read the Privacy Policy provided by the Data Controllers in accordance with local applicable laws, and I",
                "GENERAL_CONSENT_NAM": "",
                "HEADER_SUB_2": "",
                "FLAG_MARKETING_OPTIN_TEXT": "I agree to the use of the Personal Data for marketing purposes (newsletters, news and promotions), in accordance to letter b. paragraph 2 of the information notice",
                "FLAG_PROFILING_OPTIN_TEXT": "I agree to the use of the Personal Data for profiling purposes of my consumer behaviour, in accordance to letter c. paragraph 2 of the information notice",
                "HEADER_SUB_3": "",
                "FOOTER_SUB_1": "I understand that providing the personal data for profiling and marketing purposes is optional.",
                "FLAG_TEXT_MESSAGE": "",
                "PRIVACY_LINK": "I confirm that I have read privacy policy.",
                "PRIVACY_LINK_DCB": "I confirm that I have read privacy policy.",
                "AGREE": ""
            }
        },
        "GB": {
            "PRIVACY": {
                "HEADER": "AUTHORIZATION FOR DATA PROCESSING",
                "HEADER_SUB_1": "I confirm I’m over 16 years old and I have read the Privacy Policy provided by the Data Controllers in accordance with local applicable laws, and I",
                "GENERAL_CONSENT_NAM": "",
                "HEADER_SUB_2": "",
                "FLAG_MARKETING_OPTIN_TEXT": "I agree to the use of the Personal Data for marketing purposes (newsletters, news and promotions), in accordance to letter b. paragraph 2 of the information notice",
                "FLAG_PROFILING_OPTIN_TEXT": "I agree to the use of the Personal Data for profiling purposes of my consumer behaviour, in accordance to letter c. paragraph 2 of the information notice",
                "HEADER_SUB_3": "",
                "FOOTER_SUB_1": "I understand that providing the personal data for profiling and marketing purposes is optional.",
                "FLAG_TEXT_MESSAGE": "",
                "PRIVACY_LINK": "I confirm that I have read privacy policy.",
                "PRIVACY_LINK_DCB": "I confirm that I have read privacy policy.",
                "AGREE": ""
            }
        },
        "US": {
            "PRIVACY": {
                "HEADER": "AUTHORIZATION FOR DATA PROCESSING",
                "GENERAL_CONSENT_NAM": "I confirm I’m over 16 years old and I have read the Privacy Policy provided by the Data Controllers in accordance with local applicable laws, and I",
                "HEADER_SUB_2": "",
                "FLAG_MARKETING_OPTIN_TEXT": "I agree to the use of the Personal Data for marketing purposes (newsletters, news and promotions), in accordance to letter b. paragraph 2 of the information notice",
                "FLAG_PROFILING_OPTIN_TEXT": "I agree to the use of the Personal Data for profiling purposes of my consumer behaviour, in accordance to letter c. paragraph 2 of the information notice",
                "HEADER_SUB_3": "",
                "FOOTER_SUB_1": "I understand that providing the personal data for profiling and marketing purposes is optional.",
                "FLAG_TEXT_MESSAGE": "",
                "PRIVACY_LINK": "I confirm that I have read privacy policy.",
                "PRIVACY_LINK_DCB": "I confirm that I have read privacy policy.",
                "AGREE": ""
            }
        },
        "CN": {
            "PRIVACY": {
                "HEADER": "AUTHORIZATION FOR DATA PROCESSING",
                "HEADER_SUB_1": "I confirm I’m over 16 years old and I have read the Privacy Policy provided by the Data Controllers in accordance with local applicable laws, and I",
                "GENERAL_CONSENT_NAM": "",
                "HEADER_SUB_2": "",
                "FLAG_MARKETING_OPTIN_TEXT": "I agree to the use of the Personal Data for marketing purposes (newsletters, news and promotions), in accordance to letter b. paragraph 2 of the information notice",
                "FLAG_PROFILING_OPTIN_TEXT": "I agree to the use of the Personal Data for profiling purposes of my consumer behaviour, in accordance to letter c. paragraph 2 of the information notice",
                "HEADER_SUB_3": "",
                "FOOTER_SUB_1": "I understand that providing the personal data for profiling and marketing purposes is optional.",
                "FLAG_TEXT_MESSAGE": "",
                "PRIVACY_LINK": "I confirm that I have read privacy policy.",
                "PRIVACY_LINK_DCB": "I confirm that I have read privacy policy.",
                "AGREE": ""
            }
        },
        "DEFAULT": {
            "PRIVACY": {
                "HEADER": "AUTHORIZATION FOR DATA PROCESSING",
                "GENERAL_CONSENT_NAM": "I confirm I’m over 16 years old and I have read the Privacy Policy provided by the Data Controllers in accordance with local applicable laws, and I",
                "HEADER_SUB_2": "",
                "FLAG_MARKETING_OPTIN_TEXT": "I agree to the use of the Personal Data for marketing purposes (newsletters, news and promotions), in accordance to letter b. paragraph 2 of the information notice",
                "FLAG_PROFILING_OPTIN_TEXT": "I agree to the use of the Personal Data for profiling purposes of my consumer behaviour, in accordance to letter c. paragraph 2 of the information notice",
                "HEADER_SUB_3": "",
                "FOOTER_SUB_1": "I understand that providing the personal data for profiling and marketing purposes is optional.",
                "FLAG_TEXT_MESSAGE": "",
                "PRIVACY_LINK": "I confirm that I have read privacy policy.",
                "PRIVACY_LINK_DCB": "I confirm that I have read privacy policy.",
                "AGREE": ""
            }
        }
    },
    "1_60": {
        "DE": {
            "PRIVACY": {
                "HEADER": "AUTHORIZATION FOR DATA PROCESSING",
                "HEADER_SUB_1": "I confirm I’m over 16 years old and I have read the Privacy Policy provided by the Data Controllers in accordance with local applicable laws, and I",
                "GENERAL_CONSENT_NAM": "",
                "HEADER_SUB_2": "",
                "FLAG_MARKETING_OPTIN_TEXT": "I agree to the use of the Personal Data for marketing purposes (newsletters, news and promotions), in accordance to letter b. paragraph 2 of the information notice",
                "FLAG_PROFILING_OPTIN_TEXT": "I agree to the use of the Personal Data for profiling purposes of my consumer behaviour, in accordance to letter c. paragraph 2 of the information notice",
                "HEADER_SUB_3": "",
                "FOOTER_SUB_1": "I understand that providing the personal data for profiling and marketing purposes is optional.",
                "FLAG_TEXT_MESSAGE": "",
                "PRIVACY_LINK": "I confirm that I have read privacy policy.",
                "PRIVACY_LINK_DCB": "I confirm that I have read privacy policy.",
                "AGREE": ""
            }
        },
        "FR": {
            "PRIVACY": {
                "HEADER": "AUTHORIZATION FOR DATA PROCESSING",
                "HEADER_SUB_1": "I confirm I’m over 16 years old and I have read the Privacy Policy provided by the Data Controllers in accordance with local applicable laws, and I",
                "GENERAL_CONSENT_NAM": "",
                "HEADER_SUB_2": "",
                "FLAG_MARKETING_OPTIN_TEXT": "I agree to the use of the Personal Data for marketing purposes (newsletters, news and promotions), in accordance to letter b. paragraph 2 of the information notice",
                "FLAG_PROFILING_OPTIN_TEXT": "I agree to the use of the Personal Data for profiling purposes of my consumer behaviour, in accordance to letter c. paragraph 2 of the information notice",
                "HEADER_SUB_3": "",
                "FOOTER_SUB_1": "I understand that providing the personal data for profiling and marketing purposes is optional.",
                "FLAG_TEXT_MESSAGE": "",
                "PRIVACY_LINK": "I confirm that I have read privacy policy.",
                "PRIVACY_LINK_DCB": "I confirm that I have read privacy policy.",
                "AGREE": ""
            }
        },
        "HK": {
            "PRIVACY": {
                "HEADER": "AUTHORIZATION FOR DATA PROCESSING",
                "HEADER_SUB_1": "I confirm I’m over 16 years old and I have read the Privacy Policy provided by the Data Controllers in accordance with local applicable laws, and I",
                "GENERAL_CONSENT_NAM": "I agree to the transfer of my Personal Data outside of my country of residence",
                "HEADER_SUB_2": "",
                "FLAG_MARKETING_OPTIN_TEXT": "I agree to the use of the Personal Data for marketing purposes (newsletters, news and promotions), in accordance to letter b. paragraph 2 of the information notice",
                "FLAG_PROFILING_OPTIN_TEXT": "I agree to the use of the Personal Data for profiling purposes of my consumer behaviour, in accordance to letter c. paragraph 2 of the information notice",
                "HEADER_SUB_3": "",
                "FOOTER_SUB_1": "I understand that providing the personal data for profiling and marketing purposes is optional.",
                "FLAG_TEXT_MESSAGE": "",
                "PRIVACY_LINK": "I confirm that I have read privacy policy.",
                "PRIVACY_LINK_DCB": "I confirm that I have read privacy policy.",
                "AGREE": ""
            }
        },
        "IT": {
            "PRIVACY": {
                "HEADER": "CONSENSO AL TRATTAMENTO DEI DATI PERSONALI",
                "HEADER_SUB_1": "Confermo di avere la maggiore età e di aver letto e compreso l’informativa resa dai Titolari del trattamento. Ho compreso che il conferimento dei dati per finalità di marketing e profilazione è opzionale e pertanto:",
                "GENERAL_CONSENT_NAM": "",
                "HEADER_SUB_2": "",
                "FLAG_MARKETING_OPTIN_TEXT": "Acconsento all’utilizzo dei miei dati personali per finalita’ di marketing (newsletter, informazioni e promozioni) come da informativa privacy, lettera b, paragrafo 2.",
                "FLAG_PROFILING_OPTIN_TEXT": "Acconsento all’utilizzo dei miei dati personali per finalita’ di profilazione delle mie abitudini al consumo come da informativa privacy, lettera c, paragrafo 2.",
                "HEADER_SUB_3": "",
                "FOOTER_SUB_1": "Ho compreso che revocando i consensi o chiedendo la cancellazione lo faccio contemporaneamente verso tutti i Titolari.",
                "FLAG_TEXT_MESSAGE": "",
                "PRIVACY_LINK": "Confermo di aver preso visione dell’informativa privacy",
                "PRIVACY_LINK_DCB": "Confermo di aver preso visione dell’informativa privacy.",
                "AGREE": ""
            }
        },
        "JP": {
            "PRIVACY": {
                "HEADER": "AUTHORIZATION FOR DATA PROCESSING",
                "HEADER_SUB_1": "I confirm I’m over 16 years old and I have read the Privacy Policy provided by the Data Controllers in accordance with local applicable laws, and I",
                "GENERAL_CONSENT_NAM": "",
                "HEADER_SUB_2": "",
                "FLAG_MARKETING_OPTIN_TEXT": "I agree to the use of the Personal Data for marketing purposes (newsletters, news and promotions), in accordance to letter b. paragraph 2 of the information notice",
                "FLAG_PROFILING_OPTIN_TEXT": "I agree to the use of the Personal Data for profiling purposes of my consumer behaviour, in accordance to letter c. paragraph 2 of the information notice",
                "HEADER_SUB_3": "",
                "FOOTER_SUB_1": "I understand that providing the personal data for profiling and marketing purposes is optional.",
                "FLAG_TEXT_MESSAGE": "",
                "PRIVACY_LINK": "I confirm that I have read privacy policy.",
                "PRIVACY_LINK_DCB": "I confirm that I have read privacy policy.",
                "AGREE": ""
            }
        },
        "KR": {
            "PRIVACY": {
                "HEADER": "AUTHORIZATION FOR DATA PROCESSING",
                "HEADER_SUB_1": "I confirm I’m over 16 years old and I have read the Privacy Policy provided by the Data Controllers in accordance with local applicable laws, and I",
                "GENERAL_CONSENT_NAM": "",
                "HEADER_SUB_2": "",
                "FLAG_MARKETING_OPTIN_TEXT": "I agree to the use of the Personal Data for marketing purposes (newsletters, news and promotions), in accordance to letter b. paragraph 2 of the information notice",
                "FLAG_PROFILING_OPTIN_TEXT": "I agree to the use of the Personal Data for profiling purposes of my consumer behaviour, in accordance to letter c. paragraph 2 of the information notice",
                "HEADER_SUB_3": "",
                "FOOTER_SUB_1": "I understand that providing the personal data for profiling and marketing purposes is optional.",
                "FLAG_TEXT_MESSAGE": "",
                "PRIVACY_LINK": "I confirm that I have read privacy policy.",
                "PRIVACY_LINK_DCB": "I confirm that I have read privacy policy.",
                "AGREE": ""
            }
        },
        "GB": {
            "PRIVACY": {
                "HEADER": "AUTHORIZATION FOR DATA PROCESSING",
                "HEADER_SUB_1": "I confirm I’m over 16 years old and I have read the Privacy Policy provided by the Data Controllers in accordance with local applicable laws, and I",
                "GENERAL_CONSENT_NAM": "",
                "HEADER_SUB_2": "",
                "FLAG_MARKETING_OPTIN_TEXT": "I agree to the use of the Personal Data for marketing purposes (newsletters, news and promotions), in accordance to letter b. paragraph 2 of the information notice",
                "FLAG_PROFILING_OPTIN_TEXT": "I agree to the use of the Personal Data for profiling purposes of my consumer behaviour, in accordance to letter c. paragraph 2 of the information notice",
                "HEADER_SUB_3": "",
                "FOOTER_SUB_1": "I understand that providing the personal data for profiling and marketing purposes is optional.",
                "FLAG_TEXT_MESSAGE": "",
                "PRIVACY_LINK": "I confirm that I have read privacy policy.",
                "PRIVACY_LINK_DCB": "I confirm that I have read privacy policy.",
                "AGREE": ""
            }
        },
        "US": {
            "PRIVACY": {
                "HEADER": "AUTHORIZATION FOR DATA PROCESSING",
                "GENERAL_CONSENT_NAM": "I confirm I’m over 16 years old and I have read the Privacy Policy provided by the Data Controllers in accordance with local applicable laws, and I",
                "HEADER_SUB_2": "",
                "FLAG_MARKETING_OPTIN_TEXT": "I agree to the use of the Personal Data for marketing purposes (newsletters, news and promotions), in accordance to letter b. paragraph 2 of the information notice",
                "FLAG_PROFILING_OPTIN_TEXT": "I agree to the use of the Personal Data for profiling purposes of my consumer behaviour, in accordance to letter c. paragraph 2 of the information notice",
                "HEADER_SUB_3": "",
                "FOOTER_SUB_1": "I understand that providing the personal data for profiling and marketing purposes is optional.",
                "FLAG_TEXT_MESSAGE": "",
                "PRIVACY_LINK": "I confirm that I have read privacy policy.",
                "PRIVACY_LINK_DCB": "I confirm that I have read privacy policy.",
                "AGREE": ""
            }
        },
        "CN": {
            "PRIVACY": {
                "HEADER": "AUTHORIZATION FOR DATA PROCESSING",
                "HEADER_SUB_1": "I confirm I’m over 16 years old and I have read the Privacy Policy provided by the Data Controllers in accordance with local applicable laws, and I",
                "GENERAL_CONSENT_NAM": "",
                "HEADER_SUB_2": "",
                "FLAG_MARKETING_OPTIN_TEXT": "I agree to the use of the Personal Data for marketing purposes (newsletters, news and promotions), in accordance to letter b. paragraph 2 of the information notice",
                "FLAG_PROFILING_OPTIN_TEXT": "I agree to the use of the Personal Data for profiling purposes of my consumer behaviour, in accordance to letter c. paragraph 2 of the information notice",
                "HEADER_SUB_3": "",
                "FOOTER_SUB_1": "I understand that providing the personal data for profiling and marketing purposes is optional.",
                "FLAG_TEXT_MESSAGE": "",
                "PRIVACY_LINK": "I confirm that I have read privacy policy.",
                "PRIVACY_LINK_DCB": "I confirm that I have read privacy policy.",
                "AGREE": ""
            }
        },
        "DEFAULT": {
            "PRIVACY": {
                "HEADER": "AUTHORIZATION FOR DATA PROCESSING",
                "GENERAL_CONSENT_NAM": "I confirm I’m over 16 years old and I have read the Privacy Policy provided by the Data Controllers in accordance with local applicable laws, and I",
                "HEADER_SUB_2": "",
                "FLAG_MARKETING_OPTIN_TEXT": "I agree to the use of the Personal Data for marketing purposes (newsletters, news and promotions), in accordance to letter b. paragraph 2 of the information notice",
                "FLAG_PROFILING_OPTIN_TEXT": "I agree to the use of the Personal Data for profiling purposes of my consumer behaviour, in accordance to letter c. paragraph 2 of the information notice",
                "HEADER_SUB_3": "",
                "FOOTER_SUB_1": "I understand that providing the personal data for profiling and marketing purposes is optional.",
                "FLAG_TEXT_MESSAGE": "",
                "PRIVACY_LINK": "I confirm that I have read privacy policy.",
                "PRIVACY_LINK_DCB": "I confirm that I have read privacy policy.",
                "AGREE": ""
            }
        }
    },
    "2_20": {
        "AT": {
            "PRIVACY": {
                "HEADER": "PRIVACY PREFERENCES",
                "HEADER_SUB": "I confirm that I’m 18 years old and I have read the information notice provided by the Data Controllers in accordance with local applicable laws, I understand that providing the personal data for profiling and marketing purposes is optional and I:",
                "HEADER_SUB_1": "",
                "GENERAL_CONSENT_NAM": "",
                "HEADER_SUB_2": "",
                "FLAG_MARKETING_OPTIN_TEXT": "Having read the information notice, I authorize Diesel S.p.A. to the processing of my personal data for Marketing* purposes as described in paragraph 3.1.d) of the information notice:",
                "FLAG_PROFILING_OPTIN_TEXT": "Having read the information notice, I authorize the Joint Controllers OTB S.p.A. and Diesel S.p.A. to process my personal data for the purpose of Customer analysis to provide experiences in line with your preferences* as described in paragraph 3.2.a) of the information notice",
                "HEADER_SUB_3": "",
                "FOOTER_SUB_1": "",
                "FLAG_TEXT_MESSAGE": "",
                "PRIVACY_LINK": "for full text of information notice click here",
                "PRIVACY_LINK_DCB": "I confirm that I have read privacy policy.",
                "PRIVACY_MARKETING_LINK": "for full details about marketing purposes click here",
                "PRIVACY_PROFILING_LINK": "for details about profiling purposes click here",
                "PRIVACY_TERMCOND_LINK": "full text of T&Cs please click here",
                "AGREE": "Agree"
            }
        },
        "US": {
            "PRIVACY": {
                "HEADER": "PRIVACY PREFERENCES",
                "HEADER_SUB": "I confirm I’m over 16 years old and I have read the information notice provided by the Data Controllers in accordance with local applicable laws, and I",
                "HEADER_SUB_1": "",
                "GENERAL_CONSENT_NAM": "DISCLAIMER FOR DIESEL USA INC.No purchase necessary. Thank you for signing up to receive updates from Diesel USA Inc. For questions about how your information is used and disclosed, please visit our Privacy Statement. Both the Privacy Statement and Terms & Conditions apply.",
                "HEADER_SUB_2": "I understand that providing the personal data for profiling and marketing purposes is optional and I:",
                "FLAG_MARKETING_OPTIN_TEXT": "Having read the Privacy Statement, I authorize Diesel S.p.A. to collect, use and share my personal data for Marketing* purposes as described in paragraph 3.2.c. of the Privacy Statement:",
                "FLAG_PROFILING_OPTIN_TEXT": "Having read the Privacy Statement [link], I authorize the Joint Controllers OTB S.p.A. and Diesel S.p.A. to collect, use and share my personal data for the purpose of Customer analysis to provide experiences in line with my preferences* as described in paragraph 3.3.a. of the Privacy Statement:",
                "HEADER_SUB_3": "Data Controllers require your consent in order to contact you by phone and SMS and send you electronic messages about their products and promotions, included newsletters:",
                "FOOTER_SUB_1": "",
                "FLAG_TEXT_MESSAGE": "By ticking \"I agree,\" you consent to Diesel USA Inc. using automated technology to send recurring promotional text messages to you at the number provided. No purchase required. Message & data rates may apply. Replay STOP to end. Privacy Statement [tiny URL] and Terms & Conditions apply:",
                "PRIVACY_LINK": "for full text of information notice click here",
                "PRIVACY_LINK_DCB": "I confirm that I have read privacy policy.",
                "PRIVACY_MARKETING_LINK": "for full details about marketing purposes click here",
                "PRIVACY_PROFILING_LINK": "for details about profiling purposes click here",
                "PRIVACY_TERMCOND_LINK": "full text of T&Cs please click here",
                "AGREE": "Agree"
            }
        },
        "BE": {
            "PRIVACY": {
                "HEADER": "PRIVACY PREFERENCES",
                "HEADER_SUB": "I confirm that I’m 16 years old and I have read the information notice provided by the Data Controllers in accordance with local applicable laws, I understand that providing the personal data for profiling and marketing purposes is optional and I:",
                "HEADER_SUB_1": "",
                "GENERAL_CONSENT_NAM": "",
                "HEADER_SUB_2": "",
                "FLAG_MARKETING_OPTIN_TEXT": "Having read the information notice, I authorize Diesel S.p.A. to the processing of my personal data for Marketing* purposes on various communication channels online and offline as described in paragraph 3.1.d) of the information notice:",
                "FLAG_PROFILING_OPTIN_TEXT": "Having read the information notice, I authorize the Joint Controllers OTB S.p.A. and Diesel S.p.A. to process my personal data for the purpose of Customer analysis to create a Customer profile and provide experiences in line with your actual and inferred preferences* as described in paragraph 3.2.a) of the information notice",
                "HEADER_SUB_3": "",
                "FOOTER_SUB_1": "",
                "FLAG_TEXT_MESSAGE": "",
                "PRIVACY_LINK": "for full text of information notice click here",
                "PRIVACY_LINK_DCB": "I confirm that I have read privacy policy.",
                "PRIVACY_MARKETING_LINK": "for full details about marketing purposes click here",
                "PRIVACY_PROFILING_LINK": "for details about profiling purposes click here",
                "PRIVACY_TERMCOND_LINK": "full text of T&Cs please click here",
                "AGREE": "Agree"
            }
        },
        "CA": {
            "PRIVACY": {
                "HEADER": "PRIVACY PREFERENCES",
                "HEADER_SUB": "I confirm I’m over 16 years old and I have read the information notice provided by the Data Controllers in accordance with local applicable laws, and I",
                "HEADER_SUB_1": "",
                "GENERAL_CONSENT_NAM": "Ticking “I agree” you consent to provide your information to Diesel USA Inc. with registered office in 220 West 19th street, New York, NY 10011, telephone 2127559200, email client service@diesel.com, to receive marketing communications. No purchase necessary. You can unsubscribe at any time by clicking on the unsubscribe link at the bottom of our emails. Please see our  Privacy Statement, for more information.",
                "HEADER_SUB_2": "I understand that providing the personal data for profiling and marketing purposes is optional and I:",
                "FLAG_MARKETING_OPTIN_TEXT": "Having read the Privacy Statement, I authorize Diesel S.p.A. to collect, use and share my personal data for Marketing* purposes as described in paragraph 3.3.c. of the Privacy Statement. I can at any time withdraw my consent to receive the above-mentioned communications by clicking on the appropriate option in each email received, as well as by writing to the address privacy@diesel.com or otherwise contacting Diesel S.p.a. at the addresses indicated at paragraph 1 of the Privacy Statement.",
                "FLAG_PROFILING_OPTIN_TEXT": "Having read the Privacy Statement, I authorize the Joint Controllers OTB S.p.A. and Diesel S.p.A. to collect, use and share  my personal data for the purpose of Customer analysis to provide experiences in line with my preferences* as described in paragraph 3.4.a. of the Privacy Statement. I can at any time withdraw my consent to receive the above-mentioned communications by clicking on the appropriate option in each email received, as well as by writing to the address privacy@diesel.com, privacy@otb.net or otherwise contacting the Company at the addresses indicated at paragraph 1 of the Privacy Statement.",
                "HEADER_SUB_3": "Data Controllers require your consent in order to contact you by phone and SMS and send you electronic messages about their products and promotions, included newsletters:",
                "FOOTER_SUB_1": "",
                "FLAG_TEXT_MESSAGE": "Ticking \"I agree\" you consent to Diesel USA Inc. using automated technology to send recurring promotional text messages to you at the number provided. No purchase required. Message & data rates may apply. Replay STOP to end. Privacy Statement and Terms & Conditions apply",
                "PRIVACY_LINK": "for full text of information notice click here",
                "PRIVACY_LINK_DCB": "I confirm that I have read privacy policy.",
                "PRIVACY_MARKETING_LINK": "for full details about marketing purposes click here",
                "PRIVACY_PROFILING_LINK": "for details about profiling purposes click here",
                "PRIVACY_TERMCOND_LINK": "full text of T&Cs please click here",
                "AGREE": "Agree"
            }
        },
        "CN": {
            "PRIVACY": {
                "HEADER": "PRIVACY PREFERENCES",
                "HEADER_SUB": "I confirm that I’m 16 years old and I have read the information notice provided by the Data Controllers in accordance with local applicable laws, I understand that providing the personal data for profiling and marketing purposes is optional and I:",
                "HEADER_SUB_1": "",
                "GENERAL_CONSENT_NAM": "",
                "HEADER_SUB_2": "",
                "FLAG_MARKETING_OPTIN_TEXT": "Having read the information notice, I authorize Diesel S.p.A. and Diesel Dragon Trading Co. Ltd to the processing of my personal data for Marketing* purposes as described in paragraphs 3.1.c) and 3.3.e) of the information notice",
                "FLAG_PROFILING_OPTIN_TEXT": "Having read the information notice, I authorize the Joint Controllers OTB S.p.A. and Diesel S.p.A. to process my personal data for the purpose of Customer analysis to provide experiences in line with your preferences* as described in paragraph 3.2.a) of the information notice",
                "HEADER_SUB_3": "",
                "FOOTER_SUB_1": "",
                "FLAG_TEXT_MESSAGE": "",
                "PRIVACY_LINK": "for full text of information notice click here",
                "PRIVACY_LINK_DCB": "I confirm that I have read privacy policy.",
                "PRIVACY_MARKETING_LINK": "for full details about marketing purposes click here",
                "PRIVACY_PROFILING_LINK": "for details about profiling purposes click here",
                "PRIVACY_TERMCOND_LINK": "full text of T&Cs please click here",
                "AGREE": "Agree"
            }
        },
        "CY": {
            "PRIVACY": {
                "HEADER": "PRIVACY PREFERENCES",
                "HEADER_SUB": "I confirm that I’m 16 years old and I have read the information notice provided by the Data Controllers in accordance with local applicable laws, I understand that providing the personal data for profiling and marketing purposes is optional and I:",
                "HEADER_SUB_1": "",
                "GENERAL_CONSENT_NAM": "",
                "HEADER_SUB_2": "",
                "FLAG_MARKETING_OPTIN_TEXT": "to the use of the Personal Data for marketing purposes (newsletters, news and promotions), in accordance to letter b. paragraph 2 of the information notice",
                "FLAG_PROFILING_OPTIN_TEXT": "to the use of the Personal Data for profiling purposes of my consumer behaviour, in accordance to letter c. paragraph 2 of the information notice",
                "HEADER_SUB_3": "",
                "FOOTER_SUB_1": "",
                "FLAG_TEXT_MESSAGE": "",
                "PRIVACY_LINK": "for full text of information notice click here",
                "PRIVACY_LINK_DCB": "I confirm that I have read privacy policy.",
                "PRIVACY_MARKETING_LINK": "for full details about marketing purposes click here",
                "PRIVACY_PROFILING_LINK": "for details about profiling purposes click here",
                "PRIVACY_TERMCOND_LINK": "full text of T&Cs please click here",
                "AGREE": "Agree"
            }
        },
        "DK": {
            "PRIVACY": {
                "HEADER": "PRIVACY PREFERENCES",
                "HEADER_SUB": "I confirm that I’m 16 years old and I have read the information notice provided by the Data Controllers in accordance with local applicable laws, I understand that providing the personal data for profiling and marketing purposes is optional and I:",
                "HEADER_SUB_1": "",
                "GENERAL_CONSENT_NAM": "",
                "HEADER_SUB_2": "",
                "FLAG_MARKETING_OPTIN_TEXT": "Having read the information notice, I authorize Diesel S.p.A. to the processing of my personal data for Marketing* purposes as described in paragraph 3.1.d) of the information notice, which means that Diesel S.p.A. will be able to process Biographical Data and Contact and Purchase Data for advertising activities on the social networks to which I am subscribed or sending advertising or direct sales material, carrying out market research, sending commercial promotions and discounts reserved to customers, commercial information - possibly also customized – regarding clothes and other Diesel branded products, with automated contact methods (e-mail, newsletters, SMS, MMS, messaging platforms, etc.) and traditional contact methods (mail).",
                "FLAG_PROFILING_OPTIN_TEXT": "Having read the information notice, I authorize the Joint Controllers OTB S.p.A. and Diesel S.p.A. to process my personal data for the purpose of Customer analysis to provide experiences in line with your preferences* as described in paragraph 3.2.a) of the information notice, which means the Joint Data Controllers will be able to process the Biographical Data, the Contact Data, the Sales Data, the Data collected in the shop, the Purchase Data and the Navigation Data for profiling purposes, or for analysis on your purchasing preferences consisting of automated processing of the above mentioned data. This processing is aimed at analytically knowing or predicting your purchasing preferences also in order to create customers profiles, and customize the commercial offer so that it is more in line with your preferences.",
                "HEADER_SUB_3": "",
                "FOOTER_SUB_1": "",
                "FLAG_TEXT_MESSAGE": "",
                "PRIVACY_LINK": "for full text of information notice click here",
                "PRIVACY_LINK_DCB": "I confirm that I have read privacy policy.",
                "PRIVACY_MARKETING_LINK": "for full details about marketing purposes click here",
                "PRIVACY_PROFILING_LINK": "for details about profiling purposes click here",
                "PRIVACY_TERMCOND_LINK": "full text of T&Cs please click here",
                "AGREE": "Agree"
            }
        },
        "FI": {
            "PRIVACY": {
                "HEADER": "PRIVACY PREFERENCES",
                "HEADER_SUB": "I confirm that I’m 16 years old and I have read the information notice provided by the Data Controllers in accordance with local applicable laws, I understand that providing the personal data for profiling and marketing purposes is optional and I:",
                "HEADER_SUB_1": "",
                "GENERAL_CONSENT_NAM": "",
                "HEADER_SUB_2": "",
                "FLAG_MARKETING_OPTIN_TEXT": "Having read the information notice, I authorize Diesel S.p.A. to the processing of my personal data for Marketing* purposes as described in paragraph 3.1.d) of the information notice:",
                "FLAG_PROFILING_OPTIN_TEXT": "Having read the information notice, I authorize the Joint Controllers OTB S.p.A. and Diesel S.p.A. to process my personal data for the purpose of Customer analysis to provide experiences in line with your preferences* as described in paragraph 3.2.a) of the information notice",
                "HEADER_SUB_3": "",
                "FOOTER_SUB_1": "",
                "FLAG_TEXT_MESSAGE": "",
                "PRIVACY_LINK": "for full text of information notice click here",
                "PRIVACY_LINK_DCB": "I confirm that I have read privacy policy.",
                "PRIVACY_MARKETING_LINK": "for full details about marketing purposes click here",
                "PRIVACY_PROFILING_LINK": "for details about profiling purposes click here",
                "PRIVACY_TERMCOND_LINK": "full text of T&Cs please click here",
                "AGREE": "Agree"
            }
        },
        "FR": {
            "PRIVACY": {
                "HEADER": "PRIVACY PREFERENCES",
                "HEADER_SUB": "I confirm that I’m 16 years old and I have read the information notice provided by the Data Controllers in accordance with local applicable laws, I understand that providing the personal data for profiling and marketing purposes is optional and I:",
                "HEADER_SUB_1": "",
                "GENERAL_CONSENT_NAM": "",
                "HEADER_SUB_2": "",
                "FLAG_MARKETING_OPTIN_TEXT": "Having read the information notice, I authorize Diesel S.p.A. to the processing of my personal data for Marketing* purposes on various communication channels online and offline as described in paragraph 3.1.d) of the information notice:",
                "FLAG_PROFILING_OPTIN_TEXT": "Having read the information notice, I authorize the Joint Controllers OTB S.p.A. and Diesel S.p.A. to process my personal data for the purpose of Customer analysis to create a Customer profile and provide experiences in line with your actual and inferred preferences* as described in paragraph 3.2.a) of the information notice",
                "HEADER_SUB_3": "",
                "FOOTER_SUB_1": "",
                "FLAG_TEXT_MESSAGE": "",
                "PRIVACY_LINK": "for full text of information notice click here",
                "PRIVACY_LINK_DCB": "I confirm that I have read privacy policy.",
                "PRIVACY_MARKETING_LINK": "for full details about marketing purposes click here",
                "PRIVACY_PROFILING_LINK": "for details about profiling purposes click here",
                "PRIVACY_TERMCOND_LINK": "full text of T&Cs please click here",
                "AGREE": "Agree"
            }
        },
        "DE": {
            "PRIVACY": {
                "HEADER": "PRIVACY PREFERENCES",
                "HEADER_SUB": "I confirm that I’m 16 years old and I have read the information notice provided by the Data Controllers in accordance with local applicable laws, I understand that providing the personal data for profiling and marketing purposes is optional and I:",
                "HEADER_SUB_1": "",
                "GENERAL_CONSENT_NAM": "",
                "HEADER_SUB_2": "",
                "FLAG_MARKETING_OPTIN_TEXT": "Having read the information notice, I authorize Diesel S.p.A. to the processing of my personal data for Marketing* purposes as described in paragraph 3.1.d) of the information notice:",
                "FLAG_PROFILING_OPTIN_TEXT": "Having read the information notice, I authorize the Joint Controllers OTB S.p.A. and Diesel S.p.A. to process my personal data for the purpose of Customer analysis to provide experiences in line with your preferences* as described in paragraph 3.2.a) of the information notice",
                "HEADER_SUB_3": "",
                "FOOTER_SUB_1": "",
                "FLAG_TEXT_MESSAGE": "",
                "PRIVACY_LINK": "for full text of information notice click here",
                "PRIVACY_LINK_DCB": "I confirm that I have read privacy policy.",
                "PRIVACY_MARKETING_LINK": "for full details about marketing purposes click here",
                "PRIVACY_PROFILING_LINK": "for details about profiling purposes click here",
                "PRIVACY_TERMCOND_LINK": "full text of T&Cs please click here",
                "AGREE": "Agree"
            }
        },
        "GR": {
            "PRIVACY": {
                "HEADER": "PRIVACY PREFERENCES",
                "HEADER_SUB": "I confirm that I’m 16 years old and I have read the information notice provided by the Data Controllers in accordance with local applicable laws, I understand that providing the personal data for profiling and marketing purposes is optional and I:",
                "HEADER_SUB_1": "",
                "GENERAL_CONSENT_NAM": "",
                "HEADER_SUB_2": "",
                "FLAG_MARKETING_OPTIN_TEXT": "Having read the information notice, I authorize Diesel S.p.A. to the processing of my personal data for Marketing* purposes as described in paragraph 3.1.d) of the information notice:",
                "FLAG_PROFILING_OPTIN_TEXT": "Having read the information notice, I authorize the Joint Controllers OTB S.p.A. and Diesel S.p.A. to process my personal data for the purpose of Customer analysis to provide experiences in line with your preferences* as described in paragraph 3.2.a) of the information notice",
                "HEADER_SUB_3": "",
                "FOOTER_SUB_1": "",
                "FLAG_TEXT_MESSAGE": "",
                "PRIVACY_LINK": "for full text of information notice click here",
                "PRIVACY_LINK_DCB": "I confirm that I have read privacy policy.",
                "PRIVACY_MARKETING_LINK": "for full details about marketing purposes click here",
                "PRIVACY_PROFILING_LINK": "for details about profiling purposes click here",
                "PRIVACY_TERMCOND_LINK": "full text of T&Cs please click here",
                "AGREE": "Agree"
            }
        },
        "HK": {
            "PRIVACY": {
                "HEADER": "PRIVACY PREFERENCES",
                "HEADER_SUB": "I confirm that I am over 16 years old and I have read the information notice provided by the Data Controllers in accordance with local applicable laws, I understand that providing the personal data for profiling and marketing purposes is optional and I:",
                "HEADER_SUB_1": "",
                "GENERAL_CONSENT_NAM": "to the transfer of my Personal Data outside of the country to Data Controller as referred in paragraphs 1 and 5 of the information notice",
                "HEADER_SUB_2": "",
                "FLAG_MARKETING_OPTIN_TEXT": "to the use of the Personal Data for marketing purposes, dispatch of newsletters, news and promotions, advertising material or direct selling, market research, commercial communication even customized with automated (e-mail, other communication systems via communication networks such as, by way of example but not limited to sms, mms, Whatsapp) and traditional (paper mail) contact methods as well as offering of customized sales services at Data Controllers stores worldwide (even e-commerce).",
                "FLAG_PROFILING_OPTIN_TEXT": "to the use of the Personal Data for profiling purposes, that is analysis of my consumer choices consistent in automated processing of the Personal Data included those Personal Data related to purchases details in stores and websites of Data Controllers worldwide. This processing is finalized to predict my purchase preferences and to create customers profiles.",
                "HEADER_SUB_3": "",
                "FOOTER_SUB_1": "",
                "FLAG_TEXT_MESSAGE": "",
                "PRIVACY_LINK": "for full text of information notice click here",
                "PRIVACY_LINK_DCB": "I confirm that I have read privacy policy.",
                "PRIVACY_MARKETING_LINK": "for full details about marketing purposes click here",
                "PRIVACY_PROFILING_LINK": "for details about profiling purposes click here",
                "PRIVACY_TERMCOND_LINK": "full text of T&Cs please click here",
                "AGREE": "Agree"
            }
        },
        "IE": {
            "PRIVACY": {
                "HEADER": "PRIVACY PREFERENCES",
                "HEADER_SUB": "I confirm that I’m 16 years old and I have read the information notice provided by the Data Controllers in accordance with local applicable laws, I understand that providing the personal data for profiling and marketing purposes is optional and I:",
                "HEADER_SUB_1": "",
                "GENERAL_CONSENT_NAM": "",
                "HEADER_SUB_2": "",
                "FLAG_MARKETING_OPTIN_TEXT": "Having read the information notice, I authorize Diesel S.p.A. to the processing of my personal data for Marketing* purposes as described in paragraph 3.1.d) of the information notice:",
                "FLAG_PROFILING_OPTIN_TEXT": "Having read the information notice, I authorize the Joint Controllers OTB S.p.A. and Diesel S.p.A. to process my personal data for the purpose of Customer analysis to provide experiences in line with your preferences* as described in paragraph 3.2.a) of the information notice",
                "HEADER_SUB_3": "",
                "FOOTER_SUB_1": "",
                "FLAG_TEXT_MESSAGE": "",
                "PRIVACY_LINK": "for full text of information notice click here",
                "PRIVACY_LINK_DCB": "I confirm that I have read privacy policy.",
                "PRIVACY_MARKETING_LINK": "for full details about marketing purposes click here",
                "PRIVACY_PROFILING_LINK": "for details about profiling purposes click here",
                "PRIVACY_TERMCOND_LINK": "full text of T&Cs please click here",
                "AGREE": "Agree"
            }
        },
        "IT": {
            "PRIVACY": {
                "HEADER": "PREFERENZE PRIVACY",
                "HEADER_SUB": "Ho letto l’informativa resa dai Titolari del trattamento in conformità della legge locale, ho compreso che il conferimento dei dati per finalità di marketing e profilazione è opzionale e pertanto:",
                "HEADER_SUB_1": "",
                "GENERAL_CONSENT_NAM": "",
                "HEADER_SUB_2": "",
                "FLAG_MARKETING_OPTIN_TEXT": "Presa visione dell'informativa privacy autorizzo Diesel S.p.A. al trattamento dei miei dati personali per le finalità di Marketing* come descritto al paragrafo 3.1, d) dell'informativa privacy",
                "FLAG_PROFILING_OPTIN_TEXT": "Presa visione dell'informativa privacy, autorizzo i Contitolari OTB S.p.A. e Diesel S.p.A. a trattare i miei dati personali per la finalità di Analisi della clientela per fornire esperienze in linea con le sue preferenze* come descritto al paragrafo 3.2, a) dell'informativa privacy",
                "HEADER_SUB_3": "",
                "FOOTER_SUB_1": "",
                "FLAG_TEXT_MESSAGE": "",
                "PRIVACY_LINK": "for full text of information notice click here",
                "PRIVACY_LINK_DCB": "Confermo di aver preso visione dell’informativa privacy.",
                "PRIVACY_MARKETING_LINK": "for full details about marketing purposes click here",
                "PRIVACY_PROFILING_LINK": "for details about profiling purposes click here",
                "PRIVACY_TERMCOND_LINK": "full text of T&Cs please click here",
                "AGREE": "Acconsento"
            }
        },
        "NL": {
            "PRIVACY": {
                "HEADER": "PRIVACY PREFERENCES",
                "HEADER_SUB": "I confirm that I’m 16 years old and I have read the information notice provided by the Data Controllers in accordance with local applicable laws, I understand that providing the personal data for profiling and marketing purposes is optional and I:",
                "HEADER_SUB_1": "",
                "GENERAL_CONSENT_NAM": "",
                "HEADER_SUB_2": "",
                "FLAG_MARKETING_OPTIN_TEXT": "Having read the information notice, I authorize Diesel S.p.A. to the processing of my personal data for Marketing* purposes as described in paragraph 3.1.d) of the information notice:",
                "FLAG_PROFILING_OPTIN_TEXT": "Having read the information notice, I authorize the Joint Controllers OTB S.p.A. and Diesel S.p.A. to process my personal data for the purpose of Customer analysis to provide experiences in line with your preferences* as described in paragraph 3.2.a) of the information notice",
                "HEADER_SUB_3": "",
                "FOOTER_SUB_1": "",
                "FLAG_TEXT_MESSAGE": "",
                "PRIVACY_LINK": "for full text of information notice click here",
                "PRIVACY_LINK_DCB": "I confirm that I have read privacy policy.",
                "PRIVACY_MARKETING_LINK": "for full details about marketing purposes click here",
                "PRIVACY_PROFILING_LINK": "for details about profiling purposes click here",
                "PRIVACY_TERMCOND_LINK": "full text of T&Cs please click here",
                "AGREE": "Agree"
            }
        },
        "NO": {
            "PRIVACY": {
                "HEADER": "PRIVACY PREFERENCES",
                "HEADER_SUB": "I confirm that I’m 16 years old and I have read the information notice provided by the Data Controllers in accordance with local applicable laws, I understand that providing the personal data for profiling and marketing purposes is optional and I:",
                "HEADER_SUB_1": "",
                "GENERAL_CONSENT_NAM": "",
                "HEADER_SUB_2": "",
                "FLAG_MARKETING_OPTIN_TEXT": "Having read the information notice, I authorize Diesel S.p.A. to the processing of my personal data for Marketing* purposes as described in paragraph 3.1.d) of the information notice:",
                "FLAG_PROFILING_OPTIN_TEXT": "Having read the information notice, I authorize the Joint Controllers OTB S.p.A. and Diesel S.p.A. to process my personal data for the purpose of Customer analysis to provide experiences in line with your preferences* as described in paragraph 3.2.a) of the information notice",
                "HEADER_SUB_3": "",
                "FOOTER_SUB_1": "",
                "FLAG_TEXT_MESSAGE": "",
                "PRIVACY_LINK": "for full text of information notice click here",
                "PRIVACY_LINK_DCB": "I confirm that I have read privacy policy.",
                "PRIVACY_MARKETING_LINK": "for full details about marketing purposes click here",
                "PRIVACY_PROFILING_LINK": "for details about profiling purposes click here",
                "PRIVACY_TERMCOND_LINK": "full text of T&Cs please click here",
                "AGREE": "Agree"
            }
        },
        "PT": {
            "PRIVACY": {
                "HEADER": "PRIVACY PREFERENCES",
                "HEADER_SUB": "I confirm I’m over 18 years old and I have read the information notice provided by the Data Controllers in accordance with local applicable laws, I understand that providing the personal data for profiling and marketing purposes is optional and I:",
                "HEADER_SUB_1": "",
                "GENERAL_CONSENT_NAM": "",
                "HEADER_SUB_2": "",
                "FLAG_MARKETING_OPTIN_TEXT": "Having read the information notice, I authorize Diesel S.p.A. to the processing of my personal data for Marketing* purposes as described in paragraph 3.1.d) of the information notice:",
                "FLAG_PROFILING_OPTIN_TEXT": "Having read the information notice, I authorize the Joint Controllers OTB S.p.A. and Diesel S.p.A. to process my personal data for the purpose of Customer analysis to provide experiences in line with your preferences* as described in paragraph 3.2.a) of the information notice",
                "HEADER_SUB_3": "",
                "FOOTER_SUB_1": "",
                "FLAG_TEXT_MESSAGE": "",
                "PRIVACY_LINK": "for full text of information notice click here",
                "PRIVACY_LINK_DCB": "I confirm that I have read privacy policy.",
                "PRIVACY_MARKETING_LINK": "for full details about marketing purposes click here",
                "PRIVACY_PROFILING_LINK": "for details about profiling purposes click here",
                "PRIVACY_TERMCOND_LINK": "full text of T&Cs please click here",
                "AGREE": "Agree"
            }
        },
        "ES": {
            "PRIVACY": {
                "HEADER": "PRIVACY PREFERENCES",
                "HEADER_SUB": "I confirm that I’m 16 years old and I have read the information notice provided by the Data Controllers in accordance with local applicable laws, I understand that providing the personal data for profiling and marketing purposes is optional and I:",
                "HEADER_SUB_1": "",
                "GENERAL_CONSENT_NAM": "",
                "HEADER_SUB_2": "",
                "FLAG_MARKETING_OPTIN_TEXT": "Having read the information notice, I authorize Diesel S.p.A. to the processing of my personal data for Marketing* purposes as described in paragraph 3.1.d) of the information notice:",
                "FLAG_PROFILING_OPTIN_TEXT": "Having read the information notice, I authorize the Joint Controllers OTB S.p.A. and Diesel S.p.A. to process my personal data for the purpose of Customer analysis to provide experiences in line with your preferences* as described in paragraph 3.2.a) of the information notice",
                "HEADER_SUB_3": "",
                "FOOTER_SUB_1": "",
                "FLAG_TEXT_MESSAGE": "",
                "PRIVACY_LINK": "for full text of information notice click here",
                "PRIVACY_LINK_DCB": "I confirm that I have read privacy policy.",
                "PRIVACY_MARKETING_LINK": "for full details about marketing purposes click here",
                "PRIVACY_PROFILING_LINK": "for details about profiling purposes click here",
                "PRIVACY_TERMCOND_LINK": "full text of T&Cs please click here",
                "AGREE": "Agree"
            }
        },
        "SE": {
            "PRIVACY": {
                "HEADER": "PRIVACY PREFERENCES",
                "HEADER_SUB": "I confirm that I’m 16 years old and I have read the information notice provided by the Data Controllers in accordance with local applicable laws, I understand that providing the personal data for profiling and marketing purposes is optional and I:",
                "HEADER_SUB_1": "",
                "GENERAL_CONSENT_NAM": "",
                "HEADER_SUB_2": "",
                "FLAG_MARKETING_OPTIN_TEXT": "Having read the information notice, I authorize Diesel S.p.A. to the processing of my personal data for Marketing* purposes as described in paragraph 3.1.d) of the information notice:",
                "FLAG_PROFILING_OPTIN_TEXT": "Having read the information notice, I authorize the Joint Controllers OTB S.p.A. and Diesel S.p.A. to process my personal data for the purpose of Customer analysis to provide experiences in line with your preferences* as described in paragraph 3.2.a) of the information notice",
                "HEADER_SUB_3": "",
                "FOOTER_SUB_1": "",
                "FLAG_TEXT_MESSAGE": "",
                "PRIVACY_LINK": "for full text of information notice click here",
                "PRIVACY_LINK_DCB": "I confirm that I have read privacy policy.",
                "PRIVACY_MARKETING_LINK": "for full details about marketing purposes click here",
                "PRIVACY_PROFILING_LINK": "for details about profiling purposes click here",
                "PRIVACY_TERMCOND_LINK": "full text of T&Cs please click here",
                "AGREE": "Agree"
            }
        },
        "CH": {
            "PRIVACY": {
                "HEADER": "PREFERENZE PRIVACY",
                "HEADER_SUB": "Confermo di aver più di 16 anni e che ho letto l’informativa resa dai Titolari del trattamento in conformità della legge locale, ho compreso che il conferimento dei dati per finalità di marketing e profilazione è opzionale e pertanto:",
                "HEADER_SUB_1": "",
                "GENERAL_CONSENT_NAM": "",
                "HEADER_SUB_2": "",
                "FLAG_MARKETING_OPTIN_TEXT": "Presa visione dell'informativa privacy, autorizzo Diesel S.p.A. al trattamento dei miei Dati Personali per le finalità di Marketing* come descritto al paragrafo 3.1, d) dell'informativa privacy:",
                "FLAG_PROFILING_OPTIN_TEXT": "Presa visione dell'informativa privacy, autorizzo i Contitolari OTB S.p.A. e Diesel S.p.A. a trattare i miei Dati Personali per la finalità di Analisi della clientela per fornire esperienze in linea con le sue preferenze* come descritto al paragrafo 3.2, a) dell'informativa privacy",
                "HEADER_SUB_3": "",
                "FOOTER_SUB_1": "",
                "FLAG_TEXT_MESSAGE": "",
                "PRIVACY_LINK": "Confermo di aver preso visione dell’informativa privacy di Diesel.",
                "PRIVACY_LINK_DCB": "Confermo di aver preso visione dell’informativa privacy.",
                "PRIVACY_MARKETING_LINK": "for full details about marketing purposes click here",
                "PRIVACY_PROFILING_LINK": "for details about profiling purposes click here",
                "PRIVACY_TERMCOND_LINK": "full text of T&Cs please click here",
                "AGREE": "Acconsento"
            }
        },
        "GB": {
            "PRIVACY": {
                "HEADER": "PRIVACY PREFERENCES",
                "HEADER_SUB": "I confirm that I’m 16 years old and I have read the information notice provided by the Data Controllers in accordance with local applicable laws, I understand that providing the personal data for profiling and marketing purposes is optional and I:",
                "HEADER_SUB_1": "",
                "GENERAL_CONSENT_NAM": "",
                "HEADER_SUB_2": "",
                "FLAG_MARKETING_OPTIN_TEXT": "to the use of the Personal Data for marketing purposes (newsletters, news and promotions), in accordance to letter b. paragraph 2 of the information notice",
                "FLAG_PROFILING_OPTIN_TEXT": "to the use of the Personal Data for profiling purposes of my consumer behaviour, in accordance to letter c. paragraph 2 of the information notice",
                "HEADER_SUB_3": "",
                "FOOTER_SUB_1": "",
                "FLAG_TEXT_MESSAGE": "",
                "PRIVACY_LINK": "for full text of information notice click here",
                "PRIVACY_LINK_DCB": "I confirm that I have read privacy policy.",
                "PRIVACY_MARKETING_LINK": "for full details about marketing purposes click here",
                "PRIVACY_PROFILING_LINK": "for details about profiling purposes click here",
                "PRIVACY_TERMCOND_LINK": "full text of T&Cs please click here",
                "AGREE": "Agree"
            }
        },
        "DEFAULT": {
            "PRIVACY": {
                "HEADER": "PRIVACY PREFERENCES",
                "HEADER_SUB": "I confirm that I’m 16 years old and I have read the information notice provided by the Data Controllers in accordance with local applicable laws, I understand that providing the personal data for profiling and marketing purposes is optional and I:",
                "HEADER_SUB_1": "",
                "GENERAL_CONSENT_NAM": "",
                "HEADER_SUB_2": "",
                "FLAG_MARKETING_OPTIN_TEXT": "to the use of the Personal Data for marketing purposes (newsletters, news and promotions), in accordance to letter b. paragraph 2 of the information notice",
                "FLAG_PROFILING_OPTIN_TEXT": "to the use of the Personal Data for profiling purposes of my consumer behaviour, in accordance to letter c. paragraph 2 of the information notice",
                "HEADER_SUB_3": "",
                "FOOTER_SUB_1": "",
                "FLAG_TEXT_MESSAGE": "",
                "PRIVACY_LINK": "for full text of information notice click here",
                "PRIVACY_LINK_DCB": "I confirm that I have read privacy policy.",
                "PRIVACY_MARKETING_LINK": "for full details about marketing purposes click here",
                "PRIVACY_PROFILING_LINK": "for details about profiling purposes click here",
                "PRIVACY_TERMCOND_LINK": "full text of T&Cs please click here",
                "AGREE": "Agree"
            }
        }
    },
    "4_40": {
        "DE": {
            "PRIVACY": {
                "HEADER": "Consent to the processing of Personal Data",
                "HEADER_SUB": "I have read the information notice provided by the Data Controllers in accordance with local applicable laws, I understand that providing the personal data for profiling and marketing purposes is optional and I:",
                "HEADER_SUB_1": "",
                "GENERAL_CONSENT_NAM": "",
                "HEADER_SUB_2": "",
                "FLAG_MARKETING_OPTIN_TEXT": "to the use of the Personal Data for marketing purposes (newsletters, news and promotions), in accordance to letter b. paragraph 2 of the information notice",
                "FLAG_PROFILING_OPTIN_TEXT": "to the use of the Personal Data for profiling purposes of my consumer behaviour, in accordance to letter c. paragraph 2 of the information notice",
                "HEADER_SUB_3": "",
                "FOOTER_SUB_1": "",
                "FLAG_TEXT_MESSAGE": "",
                "PRIVACY_LINK": "I confirm that I have read Marni's privacy policy.",
                "PRIVACY_LINK_DCB": "I confirm that I have read privacy policy.",
                "AGREE": "Agree"
            }
        },
        "FR": {
            "PRIVACY": {
                "HEADER": "Consent to the processing of Personal Data",
                "HEADER_SUB": "I have read the information notice provided by the Data Controllers in accordance with local applicable laws, I understand that providing the personal data for profiling and marketing purposes is optional and I:",
                "HEADER_SUB_1": "",
                "GENERAL_CONSENT_NAM": "",
                "HEADER_SUB_2": "",
                "FLAG_MARKETING_OPTIN_TEXT": "to the use of the Personal Data for marketing purposes (newsletters, news and promotions), in accordance to letter b. paragraph 2 of the information notice",
                "FLAG_PROFILING_OPTIN_TEXT": "to the use of the Personal Data for profiling purposes of my consumer behaviour, in accordance to letter c. paragraph 2 of the information notice",
                "HEADER_SUB_3": "",
                "FOOTER_SUB_1": "",
                "FLAG_TEXT_MESSAGE": "",
                "PRIVACY_LINK": "I confirm that I have read Marni's privacy policy.",
                "PRIVACY_LINK_DCB": "I confirm that I have read privacy policy.",
                "AGREE": "Agree"
            }
        },
        "HK": {
            "PRIVACY": {
                "HEADER": "Personal Information Collection Statement",
                "HEADER_SUB": "By ticking the relevant boxes below, signing and submitting this form I have read and understood the Privacy Policy of Joyce* (at www.joyce.com) and Privacy Policy of Marni** (at www.marni.com) (the “respective Privacy Policies”) and agree to the following: <br/>Joyce and Marni (collectively the “Data Controllers”) may respectively collect, use and store my personal data (my “Personal Data”) that I provide under this application for provision of services to me, direct marketing, and analysis of my shopping trends and behavior, in strict compliance with their respective Privacy Policies. It is voluntary for me to provide my Personal Data but Joyce and Marni may not be able to provide me with services if I do not provide my Personal Data. My Personal Data will be kept confidential at all times, except that it may be provided on a confidential basis to third parties stated in and in accordance with the respective Privacy Policies (and I have read and acknowledge the list of third parties).<br/><br/>Direct Marketing:<br/><ul><li>(i) The Data Controllers may not use my Personal Data for direct marketing unless they have received my consent.</li><li>(ii) my Personal Data may be used by the Data Controllers to contact me in relation to news, events and promotional offers with respect to dining, food and beverages, sports, music, film, television and other entertainment, clothing and accessories, jewellery, luggages and bags, cosmetics, personal health and hygiene, electronics, home furnishings, and housewares, automobiles, transport and travel, hotels, financial services, loyalty and reward programs, media services, entertainment services, social networking services, payment services, on-line advertising services, other e-commerce, information and communications and services, concierge services in accordance with the respective Privacy Policies.</li></ul> Transfer out of my country of residence: <br/> <ul><li>(iii) My Personal Data may be transferred outside of my country of residence for the Purposes stated in the respective Privacy Policies, subject to my consent below.</li></ul>I understand I can opt-out of receiving direct marketing communications, or request for access to and correction/deletion of my Personal Data at any time by clicking the “unsubscribe” link or by contacting the respective Privacy Officer of Joyce and/or Marni at: <br/> - [email] for Joyce or [email] for Marni; or <br/> - [ address] for Joyce or [ address ] for Marni.<br/><br/>*Joyce means Joyce Boutique Holdings Limited, LCJG Limited and its related companies (including its subsidiaries and affiliates).<br/>**Marni means OTB S.p.A., Marni Group Srl and [affiliates].<br/>Please tick the box below if you agree to the use of your personal data for these purposes:",
                "HEADER_SUB_1": "",
                "GENERAL_CONSENT_NAM": "I agree to the transfer of my Personal Data outside of my country of residence by Joyce and Marni",
                "HEADER_SUB_2": "",
                "FLAG_MARKETING_OPTIN_TEXT": "I agree to the use of my Personal Data for Direct Marketing Purposes by Joyce and Marni",
                "FLAG_PROFILING_OPTIN_TEXT": "I agree to the use of my Personal Data for analysis of my shopping trends and behaviour, by Joyce and Marni",
                "HEADER_SUB_3": "",
                "FOOTER_SUB_1": "",
                "FLAG_TEXT_MESSAGE": "",
                "PRIVACY_LINK": "I confirm that I have read Marni's privacy policy.",
                "PRIVACY_LINK_DCB": "I confirm that I have read privacy policy.",
                "AGREE": ""
            }
        },
        "IT": {
            "PRIVACY": {
                "HEADER": "Consenso al trattamento dei dati personali",
                "HEADER_SUB": "Ho letto l’informativa resa dai Titolari del trattamento in conformità della legge locale, ho compreso che il conferimento dei dati per finalità di marketing e profilazione è opzionale e pertanto:",
                "HEADER_SUB_1": "",
                "GENERAL_CONSENT_NAM": "",
                "HEADER_SUB_2": "",
                "FLAG_MARKETING_OPTIN_TEXT": "all’utilizzo dei miei dati personali per finalità di marketing (newsletter, novità e promozioni), come previsto dal punto 2 lettera b) della Informativa",
                "FLAG_PROFILING_OPTIN_TEXT": "all’utilizzo dei miei dati personali per finalità di profilazione delle mie abitudini di consumo, come previsto dal punto 2 lettera c) della Informativa",
                "HEADER_SUB_3": "",
                "FOOTER_SUB_1": "",
                "FLAG_TEXT_MESSAGE": "",
                "PRIVACY_LINK": "I confirm that I have read Marni's privacy policy.",
                "PRIVACY_LINK_DCB": "I confirm that I have read privacy policy.",
                "AGREE": "Acconsento"
            }
        },
        "JP": {
            "PRIVACY": {
                "HEADER": "Consent to the processing of Personal Data",
                "HEADER_SUB": "I have read the information notice provided by the Data Controllers in accordance with local applicable laws, I understand that providing the personal data for profiling and marketing purposes is optional and I:",
                "HEADER_SUB_1": "",
                "GENERAL_CONSENT_NAM": "",
                "HEADER_SUB_2": "",
                "FLAG_MARKETING_OPTIN_TEXT": "to the use of the Personal Data for marketing purposes (newsletters, news and promotions), in accordance to letter b. paragraph 2 of the information notice",
                "FLAG_PROFILING_OPTIN_TEXT": "to the use of the Personal Data for profiling purposes of my consumer behaviour, in accordance to letter c. paragraph 2 of the information notice",
                "HEADER_SUB_3": "",
                "FOOTER_SUB_1": "",
                "FLAG_TEXT_MESSAGE": "",
                "PRIVACY_LINK": "I confirm that I have read Marni's privacy policy.",
                "PRIVACY_LINK_DCB": "I confirm that I have read privacy policy.",
                "AGREE": "Agree"
            }
        },
        "ES": {
            "PRIVACY": {
                "HEADER": "Consent to the processing of Personal Data",
                "HEADER_SUB": "I have read the information notice provided by the Data Controllers in accordance with local applicable laws, I understand that providing the personal data for profiling and marketing purposes is optional and I:",
                "HEADER_SUB_1": "",
                "GENERAL_CONSENT_NAM": "",
                "HEADER_SUB_2": "",
                "FLAG_MARKETING_OPTIN_TEXT": "to the use of the Personal Data for marketing purposes (newsletters, news and promotions), in accordance to letter b. paragraph 2 of the information notice",
                "FLAG_PROFILING_OPTIN_TEXT": "to the use of the Personal Data for profiling purposes of my consumer behaviour, in accordance to letter c. paragraph 2 of the information notice",
                "HEADER_SUB_3": "",
                "FOOTER_SUB_1": "",
                "FLAG_TEXT_MESSAGE": "",
                "PRIVACY_LINK": "I confirm that I have read Marni's privacy policy.",
                "PRIVACY_LINK_DCB": "I confirm that I have read privacy policy.",
                "AGREE": "Agree"
            }
        },
        "GB": {
            "PRIVACY": {
                "HEADER": "Consent to the processing of Personal Data",
                "HEADER_SUB": "I have read the information notice provided by the Data Controllers in accordance with local applicable laws, I understand that providing the personal data for profiling and marketing purposes is optional and I:",
                "HEADER_SUB_1": "",
                "GENERAL_CONSENT_NAM": "",
                "HEADER_SUB_2": "",
                "FLAG_MARKETING_OPTIN_TEXT": "to the use of the Personal Data for marketing purposes (newsletters, news and promotions), in accordance to letter b. paragraph 2 of the information notice",
                "FLAG_PROFILING_OPTIN_TEXT": "to the use of the Personal Data for profiling purposes of my consumer behaviour, in accordance to letter c. paragraph 2 of the information notice",
                "HEADER_SUB_3": "",
                "FOOTER_SUB_1": "",
                "FLAG_TEXT_MESSAGE": "",
                "PRIVACY_LINK": "I confirm that I have read Marni's privacy policy.",
                "PRIVACY_LINK_DCB": "I confirm that I have read privacy policy.",
                "AGREE": "Agree"
            }
        },
        "US": {
            "PRIVACY": {
                "HEADER": "Consent to the processing of Personal Data (For data collected in stores)",
                "HEADER_SUB": "I confirm I’m over 16 years old and I have read the Privacy Statement provided by Data Controllers in accordance with local applicable laws.",
                "HEADER_SUB_1": "",
                "GENERAL_CONSENT_NAM": "I agree to the collection, use, disclosure or processing of my Personal Data by the Data Controller for the purposes stated in the Privacy Statement.",
                "HEADER_SUB_2": "",
                "FLAG_MARKETING_OPTIN_TEXT": "I understand that providing the Personal Data for profiling and marketing purposes is optional and I agree to the use of the Personal Data for marketing purposes, dispatch of newsletters, news and promotions, advertising material or direct selling, market research, commercial communication even customized with automated (e-mail, other communication systems via communication networks such as, by way of example but not limited to SMS, MMS, WhatsApp) and traditional (paper mail) contact methods as well as offering of customized sales services at Data Controllers stores worldwide (even e-commerce). I can unsubscribe by clicking the unsubscribe link on any message, or by contacting.",
                "FLAG_PROFILING_OPTIN_TEXT": "I agree to the use of the Personal Data for profiling purposes, that is analysis of my consumer choices consistent in automated processing of the Personal Data included those Personal Data related to purchases details in stores and websites of Data Controllers worldwide. This processing is finalized to predict my purchase preferences and to create customers profiles.",
                "HEADER_SUB_3": "Consent to be contacted and receive electronic messages",
                "FOOTER_SUB_1": "You can withdraw your consent at any time by clicking the unsubscribe link in the electronic messages or by contacting the Data Controllers at the following information:<br/><ul><li><b>OTB S.p.A.</b>, with registered offices in Italy, Breganze (Vi), Via dell'Industria 2, 36042, telephone +390445306555, email privacy@otb.net, </li><li><b>Marni Group Srl</b>, with registered offices in Italy, Milan, Via Sismondi Gian Carlo 70/B, 20133, telephone +390271055300, email privacy@marni.com.</li></ul>",
                "FLAG_TEXT_MESSAGE": "You consent to us contacting you by phone, SMS, email, and other electronic messages about our products and promotions, including newsletters.",
                "PRIVACY_LINK": "I confirm that I have read Marni's privacy policy.",
                "PRIVACY_LINK_DCB": "I confirm that I have read privacy policy.",
                "AGREE": "Agree"
            }
        },
        "CN": {
            "PRIVACY": {
                "HEADER": "Consent to the processing of Personal Data",
                "HEADER_SUB": "I have read the information notice provided by the Data Controllers in accordance with local applicable laws, I understand that providing the personal data for profiling and marketing purposes is optional and I:",
                "HEADER_SUB_1": "",
                "GENERAL_CONSENT_NAM": "",
                "HEADER_SUB_2": "",
                "FLAG_MARKETING_OPTIN_TEXT": "to the use of the Personal Data for marketing purposes (newsletters, news and promotions), in accordance to letter b. paragraph 2 of the information notice",
                "FLAG_PROFILING_OPTIN_TEXT": "to the use of the Personal Data for profiling purposes of my consumer behaviour, in accordance to letter c. paragraph 2 of the information notice",
                "HEADER_SUB_3": "",
                "FOOTER_SUB_1": "",
                "FLAG_TEXT_MESSAGE": "",
                "PRIVACY_LINK": "I confirm that I have read Marni's privacy policy.",
                "PRIVACY_LINK_DCB": "I confirm that I have read privacy policy.",
                "AGREE": "Agree"
            }
        },
        "DEFAULT": {
            "PRIVACY": {
                "HEADER": "Consent to the processing of Personal Data",
                "HEADER_SUB": "I have read the information notice provided by the Data Controllers in accordance with local applicable laws, I understand that providing the personal data for profiling and marketing purposes is optional and I:",
                "HEADER_SUB_1": "",
                "GENERAL_CONSENT_NAM": "",
                "HEADER_SUB_2": "",
                "FLAG_MARKETING_OPTIN_TEXT": "to the use of the Personal Data for marketing purposes (newsletters, news and promotions), in accordance to letter b. paragraph 2 of the information notice",
                "FLAG_PROFILING_OPTIN_TEXT": "to the use of the Personal Data for profiling purposes of my consumer behaviour, in accordance to letter c. paragraph 2 of the information notice",
                "HEADER_SUB_3": "",
                "FOOTER_SUB_1": "",
                "FLAG_TEXT_MESSAGE": "",
                "PRIVACY_LINK": "I confirm that I have read Marni's privacy policy.",
                "PRIVACY_LINK_DCB": "I confirm that I have read privacy policy.",
                "AGREE": "Agree"
            }
        }
    },
    "5_80": {
        "DE": {
            "PRIVACY": {
                "HEADER": "PRIVACY PREFERENCES",
                "HEADER_SUB": "Join Maison Margiela<br><br>As a privileged member, receive tailor-made attentions responding to your personal profile. You will be entitled to invites to special events, updates on our new collections, notification when your favourite products arrive in store and exclusive offers.",
                "HEADER_SUB_1": "I confirm I am over 16 years old and I have read the information notice provided by Maison Margiela Group, local subsidiary, and relevant parent company OTB Spa in accordance with local applicable laws. I understand that providing the personal data for profiling and marketing purposes is optional and:",
                "GENERAL_CONSENT_NAM": "",
                "HEADER_SUB_2": "",
                "FLAG_MARKETING_OPTIN_TEXT": "I agree to the use of the Personal Data for marketing purposes (newsletters, news and promotions), in accordance to letter b. paragraph 2 of the information notice",
                "FLAG_PROFILING_OPTIN_TEXT": "I agree to the use of the Personal Data for profiling purposes of my consumer behaviour, in accordance to letter c. paragraph 2 of the information notice",
                "HEADER_SUB_3": "",
                "FOOTER_SUB_1": "",
                "FLAG_TEXT_MESSAGE": "",
                "PRIVACY_LINK": "I confirm that I have read Margiela’s privacy policy.",
                "PRIVACY_LINK_DCB": "I confirm that I have read privacy policy.",
                "AGREE": ""
            }
        },
        "FR": {
            "PRIVACY": {
                "HEADER": "PRIVACY PREFERENCES",
                "HEADER_SUB": "Join Maison Margiela<br><br>As a privileged member, receive tailor-made attentions responding to your profile. You will be entitled to invites to special events, updates on our new collections, notification when your favourite products arrive in store and exclusive offers.",
                "HEADER_SUB_1": "I confirm I am over 16 years old and I have read the information notice provided by Maison Margiela Group, local subsidiary and relevant parent company OTB Spa in accordance with local applicable laws. I understand that providing the personal data for profiling and marketing purposes is optional and:",
                "GENERAL_CONSENT_NAM": "",
                "HEADER_SUB_2": "",
                "FLAG_MARKETING_OPTIN_TEXT": "I agree to the use of the Personal Data for marketing purposes (newsletters, news and promotions), in accordance to letter b. paragraph 2 of the information notice",
                "FLAG_PROFILING_OPTIN_TEXT": "I agree to the use of the Personal Data for profiling purposes of my consumer behaviour, in accordance to letter c. paragraph 2 of the information notice",
                "HEADER_SUB_3": "",
                "FOOTER_SUB_1": "",
                "FLAG_TEXT_MESSAGE": "",
                "PRIVACY_LINK": "I confirm that I have read Margiela’s privacy policy.",
                "PRIVACY_LINK_DCB": "I confirm that I have read privacy policy.",
                "AGREE": ""
            }
        },
        "HK": {
            "PRIVACY": {
                "HEADER": "PRIVACY PREFERENCES",
                "HEADER_SUB": "Join Maison Margiela<br><br>As a privileged member, receive tailor-made attentions responding to your personal profile. You will be entitled to invites to special events, updates on our new collections, notification when your favourite products arrive in store and exclusive offers.",
                "HEADER_SUB_1": "By ticking the relevant boxes below, signing and submitting this form I have read and understood the Privacy Policy of Maison Margiela Group, local subsidiary and relevant parent company OTB Spa (named below Maison Margiela) and agree to the policy mentioned in the back of this form:",
                "GENERAL_CONSENT_NAM": "I agree to the transfer of my Personal Data outside of my country of residence by Maison Margiela",
                "HEADER_SUB_2": "",
                "FLAG_MARKETING_OPTIN_TEXT": "I agree to the use of the Personal Data for Direct Marketing purposes (newsletters, news and promotions) by Maison Margiela",
                "FLAG_PROFILING_OPTIN_TEXT": "I agree to the use of my Personal Data for analysis of my shopping trends and behaviour by Maison Margiela in order to personalize my global client experience",
                "HEADER_SUB_3": "",
                "FOOTER_SUB_1": "Maison Margiela may respectively collect, use and store my Personal Data that I provide under this application for provision of services to me, direct marketing, and analysis of my shopping trends and behavior, in strict compliance with the Privacy Policy. It is voluntary for me to provide my Personal Data but Maison Margiela may not be able to provide me with services if I do not provide my Personal Data. My Personal Data will be kept confidential at all times, except that it may be provided on a confidential basis to third parties stated in and in accordance with the Privacy Policy (and I have read and acknowledge the list of third parties).<br><br>DirectMarketing: <br> (i) Maison Margiela may not use my Personal Data for direct marketing unless they have received my consent.<br>(ii) my Personal Data may be used by Maison Margiela to contact me in relation to news, events and promotional offers with respect to clothing and accessories, jewellery, luggages and bags, cosmetics, loyalty and reward programs, in accordance with the respective Privacy Policies.<br>Transfer out of my country of residence:<br>(iii) My Personal Data may be transferred outside of my country of residence for the Purposes stated in the respective Privacy Policies, subject to my consent below.<br>I understand I can opt-out of receiving direct marketing communications, or request for access to and correction/deletion of my Personal Data at any time by clicking the “unsubscribe” link or by contacting Maison Margiela at privacy@margiela.com",
                "FLAG_TEXT_MESSAGE": "",
                "PRIVACY_LINK": "I confirm that I have read Margiela’s privacy policy.",
                "PRIVACY_LINK_DCB": "I confirm that I have read privacy policy.",
                "AGREE": ""
            }
        },
        "IT": {
            "PRIVACY": {
                "HEADER": "PREFERENZE PRIVACY",
                "HEADER_SUB": "Iscriviti a Maison Margiela<br><br>Come membro privilegiato, riceverai attenzioni su misura secondo il tuo profilo. Avrai diritto a inviti per eventi speciali, aggiornamenti sulle nostre nuove collezioni, notifiche di quando i tuoi prodotti preferiti arriveranno in negozio e offerte esclusive.",
                "HEADER_SUB_1": "Confermo che ho piu’di 16 anni e ho letto l’informativa privacy fornitami da maison margiela group, la sua filiale locale e la controllante otb spa, secondo le leggi localmente applicabili. Ho capito che e’ facoltativo fornire i miei dati personali per finalita’ di marketing e di profilazione e",
                "GENERAL_CONSENT_NAM": "",
                "HEADER_SUB_2": "",
                "FLAG_MARKETING_OPTIN_TEXT": "Acconsento all’utilizzo dei miei dati personali per finalita’ di marketing (newsletter, informazioni e promozioni) come da informativa privacy, lettera b, paragrafo 2.",
                "FLAG_PROFILING_OPTIN_TEXT": "Acconsento all’utilizzo dei miei dati personali per finalita’ di profilazione delle mie abitudini al consumo come da informativa privacy, lettera c, paragrafo 2.",
                "HEADER_SUB_3": "",
                "FOOTER_SUB_1": "",
                "FLAG_TEXT_MESSAGE": "",
                "PRIVACY_LINK": "Confermo di aver preso visione dell’informativa privacy di Margiela.",
                "PRIVACY_LINK_DCB": "Confermo di aver preso visione dell’informativa privacy.",
                "AGREE": ""
            }
        },
        "JP": {
            "PRIVACY": {
                "HEADER": "PRIVACY PREFERENCES",
                "HEADER_SUB": "Join Maison Margiela<br><br>As a privileged member, receive tailor-made attentions responding to your personal profile. You will be entitled to invites to special events, updates on our new collections, notification when your favourite products arrive in store and exclusive offers.",
                "HEADER_SUB_1": "I confirm I am over 16 years old and I have read the information notice provided by Maison Margiela Group, local subsidiary, and relevant parent company OTB Spa in accordance with local applicable laws. I understand that providing the personal data for profiling and marketing purposes is optional and:",
                "GENERAL_CONSENT_NAM": "",
                "HEADER_SUB_2": "",
                "FLAG_MARKETING_OPTIN_TEXT": "I agree to the use of the Personal Data for marketing purposes (newsletters, news and promotions), in accordance to letter b. paragraph 2 of the information notice",
                "FLAG_PROFILING_OPTIN_TEXT": "I agree to the use of the Personal Data for profiling purposes of my consumer behaviour, in accordance to letter c. paragraph 2 of the information notice",
                "HEADER_SUB_3": "",
                "FOOTER_SUB_1": "",
                "FLAG_TEXT_MESSAGE": "",
                "PRIVACY_LINK": "I confirm that I have read Margiela’s privacy policy.",
                "PRIVACY_LINK_DCB": "I confirm that I have read privacy policy.",
                "AGREE": ""
            }
        },
        "KR": {
            "PRIVACY": {
                "HEADER": "PRIVACY PREFERENCES",
                "HEADER_SUB": "Join Maison Margiela<br><br>As a privileged member, receive tailor-made attentions responding to your profile. You will be entitled to invites to special events, updates on our new collections, notification when your favourite products arrive in store and exclusive offers.",
                "HEADER_SUB_1": "I confirm I am over 16 years old and I have read the information notice provided by Maison Margiela Group, local subsidiary and relevant parent company OTB Spa in accordance with local applicable laws. I understand that providing the personal data for profiling and marketing purposes is optional and:",
                "GENERAL_CONSENT_NAM": "",
                "HEADER_SUB_2": "",
                "FLAG_MARKETING_OPTIN_TEXT": "I agree to the use of the Personal Data for marketing purposes (newsletters, news and promotions), in accordance to letter b. paragraph 2 of the information notice",
                "FLAG_PROFILING_OPTIN_TEXT": "I agree to the use of the Personal Data for profiling purposes of my consumer behaviour, in accordance to letter c. paragraph 2 of the information notice",
                "HEADER_SUB_3": "",
                "FOOTER_SUB_1": "",
                "FLAG_TEXT_MESSAGE": "",
                "PRIVACY_LINK": "I confirm that I have read Margiela’s privacy policy.",
                "PRIVACY_LINK_DCB": "I confirm that I have read privacy policy.",
                "AGREE": ""
            }
        },
        "GB": {
            "PRIVACY": {
                "HEADER": "PRIVACY PREFERENCES",
                "HEADER_SUB": "Join Maison Margiela<br><br>As a privileged member, receive tailor-made attentions responding to your personal profile. You will be entitled to invites to special events, updates on our new collections, notification when your favourite products arrive in store and exclusive offers.",
                "HEADER_SUB_1": "I confirm I am over 16 years old and I have read the information notice provided by Maison Margiela Group, local subsidiary, and relevant parent company OTB Spa in accordance with local applicable laws. I understand that providing the personal data for profiling and marketing purposes is optional and:",
                "GENERAL_CONSENT_NAM": "",
                "HEADER_SUB_2": "",
                "FLAG_MARKETING_OPTIN_TEXT": "I agree to the use of the Personal Data for marketing purposes (newsletters, news and promotions), in accordance to letter b. paragraph 2 of the information notice",
                "FLAG_PROFILING_OPTIN_TEXT": "I agree to the use of the Personal Data for profiling purposes of my consumer behaviour, in accordance to letter c. paragraph 2 of the information notice",
                "HEADER_SUB_3": "",
                "FOOTER_SUB_1": "",
                "FLAG_TEXT_MESSAGE": "",
                "PRIVACY_LINK": "I confirm that I have read Margiela’s privacy policy.",
                "PRIVACY_LINK_DCB": "I confirm that I have read privacy policy.",
                "AGREE": ""
            }
        },
        "US": {
            "PRIVACY": {
                "HEADER": "PRIVACY PREFERENCES",
                "HEADER_SUB": "Join Maison Margiela<br><br>As a privileged member, receive tailor-made attentions responding to your personal profile. You will be entitled to invites to special events, updates on our new collections, notification when your favorite products arrive in store and exclusive offers.",
                "HEADER_SUB_1": "",
                "GENERAL_CONSENT_NAM": "I confirm I am over 16 years old and I have read the Privacy Statement provided by Maison Margiela Group, local subsidiary and relevant parent company OTB Spa (named below Maison Margiela) in accordance with local applicable laws. By doing so, I also understand that providing the Personal Data for marketing and profiling purposes is optional.",
                "HEADER_SUB_2": "",
                "FLAG_MARKETING_OPTIN_TEXT": "I agree to the use of the Personal Data for marketing purposes (email, SMS and other electronic messages), direct selling, market research, commercial communication as well as offering of customized sales services at Maison Margiela stores worldwide. I can unsubscribe by clicking the unsubscribe link on any message or by contacting Maison Margiela as mentioned in the back of this form.",
                "FLAG_PROFILING_OPTIN_TEXT": "I agree to the use of the Personal Data for profiling purposes, that is analysis of my consumer choices included those related to purchases details in Data Controllers stores and websites worldwide. The goal is to personalize my experience by predicting my purchase preferences and creating customers profiles.I can withdraw my consent at any time by contacting Maison Margiela as mentioned in the back of this form.",
                "HEADER_SUB_3": "",
                "FOOTER_SUB_1": "",
                "FLAG_TEXT_MESSAGE": "",
                "PRIVACY_LINK": "I confirm that I have read Margiela’s privacy policy.",
                "PRIVACY_LINK_DCB": "I confirm that I have read privacy policy.",
                "AGREE": ""
            }
        },
        "CN": {
            "PRIVACY": {
                "HEADER": "PRIVACY PREFERENCES",
                "HEADER_SUB": "Join Maison Margiela<br><br>As a privileged member, receive tailor-made attentions responding to your profile. You will be entitled to invites to special events, updates on our new collections, notification when your favourite products arrive in store and exclusive offers.",
                "HEADER_SUB_1": "I confirm I am over 16 years old and I have read the information notice provided by Maison Margiela Group, local subsidiary and relevant parent company OTB Spa in accordance with local applicable laws. I understand that providing the personal data for profiling and marketing purposes is optional and:",
                "GENERAL_CONSENT_NAM": "",
                "HEADER_SUB_2": "",
                "FLAG_MARKETING_OPTIN_TEXT": "I agree to the use of the Personal Data for marketing purposes (newsletters, news and promotions), in accordance to letter b. paragraph 2 of the information notice",
                "FLAG_PROFILING_OPTIN_TEXT": "I agree to the use of the Personal Data for profiling purposes of my consumer behaviour, in accordance to letter c. paragraph 2 of the information notice",
                "HEADER_SUB_3": "",
                "FOOTER_SUB_1": "",
                "FLAG_TEXT_MESSAGE": "",
                "PRIVACY_LINK": "I confirm that I have read Margiela’s privacy policy.",
                "PRIVACY_LINK_DCB": "I confirm that I have read privacy policy.",
                "AGREE": ""
            }
        },
        "DEFAULT": {
            "PRIVACY": {
                "HEADER": "PRIVACY PREFERENCES",
                "HEADER_SUB": "Join Maison Margiela<br><br>As a privileged member, receive tailor-made attentions responding to your profile. You will be entitled to invites to special events, updates on our new collections, notification when your favourite products arrive in store and exclusive offers.",
                "HEADER_SUB_1": "I confirm I am over 16 years old and I have read the information notice provided by Maison Margiela Group, local subsidiary and relevant parent company OTB Spa in accordance with local applicable laws. I understand that providing the personal data for profiling and marketing purposes is optional and:",
                "GENERAL_CONSENT_NAM": "",
                "HEADER_SUB_2": "",
                "FLAG_MARKETING_OPTIN_TEXT": "I agree to the use of the Personal Data for marketing purposes (newsletters, news and promotions), in accordance to letter b. paragraph 2 of the information notice",
                "FLAG_PROFILING_OPTIN_TEXT": "I agree to the use of the Personal Data for profiling purposes of my consumer behaviour, in accordance to letter c. paragraph 2 of the information notice",
                "HEADER_SUB_3": "",
                "FOOTER_SUB_1": "",
                "FLAG_TEXT_MESSAGE": "",
                "PRIVACY_LINK": "I confirm that I have read Margiela’s privacy policy.",
                "PRIVACY_LINK_DCB": "I confirm that I have read privacy policy.",
                "AGREE": ""
            }
        }
    }
}