{
    "1_130": {
        "DE": {
            "PRIVACY": {
                "HEADER": "AUTHORIZATION FOR DATA PROCESSING",
                "HEADER_SUB_1": "I confirm I’m over 16 years old and I have read the Privacy Policy provided by the Data Controllers in accordance with local applicable laws, and I",
                "GENERAL_CONSENT_NAM": "",
                "HEADER_SUB_2": "",
                "FLAG_MARKETING_OPTIN_TEXT": "I agree to the use of the Personal Data for marketing purposes (newsletters, news and promotions), in accordance to letter b. paragraph 2 of the information notice",
                "FLAG_PROFILING_OPTIN_TEXT": "I agree to the use of the Personal Data for profiling purposes of my consumer behaviour, in accordance to letter c. paragraph 2 of the information notice",
                "HEADER_SUB_3": "",
                "FOOTER_SUB_1": "I understand that providing the personal data for profiling and marketing purposes is optional.",
                "FLAG_TEXT_MESSAGE": "",
                "PRIVACY_LINK": "I confirm that I have read privacy policy.",
                "PRIVACY_LINK_DCB": "I confirm that I have read privacy policy.",
                "AGREE": ""
            }
        },
        "FR": {
            "PRIVACY": {
                "HEADER": "AUTHORIZATION FOR DATA PROCESSING",
                "HEADER_SUB_1": "I confirm I’m over 16 years old and I have read the Privacy Policy provided by the Data Controllers in accordance with local applicable laws, and I",
                "GENERAL_CONSENT_NAM": "",
                "HEADER_SUB_2": "",
                "FLAG_MARKETING_OPTIN_TEXT": "I agree to the use of the Personal Data for marketing purposes (newsletters, news and promotions), in accordance to letter b. paragraph 2 of the information notice",
                "FLAG_PROFILING_OPTIN_TEXT": "I agree to the use of the Personal Data for profiling purposes of my consumer behaviour, in accordance to letter c. paragraph 2 of the information notice",
                "HEADER_SUB_3": "",
                "FOOTER_SUB_1": "I understand that providing the personal data for profiling and marketing purposes is optional.",
                "FLAG_TEXT_MESSAGE": "",
                "PRIVACY_LINK": "I confirm that I have read privacy policy.",
                "PRIVACY_LINK_DCB": "I confirm that I have read privacy policy.",
                "AGREE": ""
            }
        },
        "HK": {
            "PRIVACY": {
                "HEADER": "AUTHORIZATION FOR DATA PROCESSING",
                "HEADER_SUB_1": "I confirm I’m over 16 years old and I have read the Privacy Policy provided by the Data Controllers in accordance with local applicable laws, and I",
                "GENERAL_CONSENT_NAM": "I agree to the transfer of my Personal Data outside of my country of residence",
                "HEADER_SUB_2": "",
                "FLAG_MARKETING_OPTIN_TEXT": "I agree to the use of the Personal Data for marketing purposes (newsletters, news and promotions), in accordance to letter b. paragraph 2 of the information notice",
                "FLAG_PROFILING_OPTIN_TEXT": "I agree to the use of the Personal Data for profiling purposes of my consumer behaviour, in accordance to letter c. paragraph 2 of the information notice",
                "HEADER_SUB_3": "",
                "FOOTER_SUB_1": "I understand that providing the personal data for profiling and marketing purposes is optional.",
                "FLAG_TEXT_MESSAGE": "",
                "PRIVACY_LINK": "I confirm that I have read privacy policy.",
                "PRIVACY_LINK_DCB": "I confirm that I have read privacy policy.",
                "AGREE": ""
            }
        },
        "IT": {
            "PRIVACY": {
                "HEADER": "AUTHORIZATION FOR DATA PROCESSING",
                "HEADER_SUB_1": "I confirm I’m over 16 years old and I have read the Privacy Policy provided by the Data Controllers in accordance with local applicable laws, and I",
                "GENERAL_CONSENT_NAM": "",
                "HEADER_SUB_2": "",
                "FLAG_MARKETING_OPTIN_TEXT": "I agree to the use of the Personal Data for marketing purposes (newsletters, news and promotions), in accordance to letter b. paragraph 2 of the information notice",
                "FLAG_PROFILING_OPTIN_TEXT": "I agree to the use of the Personal Data for profiling purposes of my consumer behaviour, in accordance to letter c. paragraph 2 of the information notice",
                "HEADER_SUB_3": "",
                "FOOTER_SUB_1": "I understand that providing the personal data for profiling and marketing purposes is optional.",
                "FLAG_TEXT_MESSAGE": "",
                "PRIVACY_LINK": "I confirm that I have read privacy policy.",
                "PRIVACY_LINK_DCB": "I confirm that I have read privacy policy.",
                "AGREE": ""
            }
        },
        "JP": {
            "PRIVACY": {
                "HEADER": "AUTHORIZATION FOR DATA PROCESSING",
                "HEADER_SUB_1": "I confirm I’m over 16 years old and I have read the Privacy Policy provided by the Data Controllers in accordance with local applicable laws, and I",
                "GENERAL_CONSENT_NAM": "",
                "HEADER_SUB_2": "",
                "FLAG_MARKETING_OPTIN_TEXT": "I agree to the use of the Personal Data for marketing purposes (newsletters, news and promotions), in accordance to letter b. paragraph 2 of the information notice",
                "FLAG_PROFILING_OPTIN_TEXT": "I agree to the use of the Personal Data for profiling purposes of my consumer behaviour, in accordance to letter c. paragraph 2 of the information notice",
                "HEADER_SUB_3": "",
                "FOOTER_SUB_1": "I understand that providing the personal data for profiling and marketing purposes is optional.",
                "FLAG_TEXT_MESSAGE": "",
                "PRIVACY_LINK": "I confirm that I have read privacy policy.",
                "PRIVACY_LINK_DCB": "I confirm that I have read privacy policy.",
                "AGREE": ""
            }
        },
        "KR": {
            "PRIVACY": {
                "HEADER": "AUTHORIZATION FOR DATA PROCESSING",
                "HEADER_SUB_1": "I confirm I’m over 16 years old and I have read the Privacy Policy provided by the Data Controllers in accordance with local applicable laws, and I",
                "GENERAL_CONSENT_NAM": "",
                "HEADER_SUB_2": "",
                "FLAG_MARKETING_OPTIN_TEXT": "I agree to the use of the Personal Data for marketing purposes (newsletters, news and promotions), in accordance to letter b. paragraph 2 of the information notice",
                "FLAG_PROFILING_OPTIN_TEXT": "I agree to the use of the Personal Data for profiling purposes of my consumer behaviour, in accordance to letter c. paragraph 2 of the information notice",
                "HEADER_SUB_3": "",
                "FOOTER_SUB_1": "I understand that providing the personal data for profiling and marketing purposes is optional.",
                "FLAG_TEXT_MESSAGE": "",
                "PRIVACY_LINK": "I confirm that I have read privacy policy.",
                "PRIVACY_LINK_DCB": "I confirm that I have read privacy policy.",
                "AGREE": ""
            }
        },
        "GB": {
            "PRIVACY": {
                "HEADER": "AUTHORIZATION FOR DATA PROCESSING",
                "HEADER_SUB_1": "I confirm I’m over 16 years old and I have read the Privacy Policy provided by the Data Controllers in accordance with local applicable laws, and I",
                "GENERAL_CONSENT_NAM": "",
                "HEADER_SUB_2": "",
                "FLAG_MARKETING_OPTIN_TEXT": "I agree to the use of the Personal Data for marketing purposes (newsletters, news and promotions), in accordance to letter b. paragraph 2 of the information notice",
                "FLAG_PROFILING_OPTIN_TEXT": "I agree to the use of the Personal Data for profiling purposes of my consumer behaviour, in accordance to letter c. paragraph 2 of the information notice",
                "HEADER_SUB_3": "",
                "FOOTER_SUB_1": "I understand that providing the personal data for profiling and marketing purposes is optional.",
                "FLAG_TEXT_MESSAGE": "",
                "PRIVACY_LINK": "I confirm that I have read privacy policy.",
                "PRIVACY_LINK_DCB": "I confirm that I have read privacy policy.",
                "AGREE": ""
            }
        },
        "US": {
            "PRIVACY": {
                "HEADER": "AUTHORIZATION FOR DATA PROCESSING",
                "GENERAL_CONSENT_NAM": "I confirm I’m over 16 years old and I have read the Privacy Policy provided by the Data Controllers in accordance with local applicable laws, and I",
                "HEADER_SUB_2": "",
                "FLAG_MARKETING_OPTIN_TEXT": "I agree to the use of the Personal Data for marketing purposes (newsletters, news and promotions), in accordance to letter b. paragraph 2 of the information notice",
                "FLAG_PROFILING_OPTIN_TEXT": "I agree to the use of the Personal Data for profiling purposes of my consumer behaviour, in accordance to letter c. paragraph 2 of the information notice",
                "HEADER_SUB_3": "",
                "FOOTER_SUB_1": "I understand that providing the personal data for profiling and marketing purposes is optional.",
                "FLAG_TEXT_MESSAGE": "",
                "PRIVACY_LINK": "I confirm that I have read privacy policy.",
                "PRIVACY_LINK_DCB": "I confirm that I have read privacy policy.",
                "AGREE": "Agree"
            }
        },
        "CN": {
            "PRIVACY": {
                "HEADER": "AUTHORIZATION FOR DATA PROCESSING",
                "HEADER_SUB_1": "I confirm I’m over 16 years old and I have read the Privacy Policy provided by the Data Controllers in accordance with local applicable laws, and I",
                "GENERAL_CONSENT_NAM": "",
                "HEADER_SUB_2": "",
                "FLAG_MARKETING_OPTIN_TEXT": "I agree to the use of the Personal Data for marketing purposes (newsletters, news and promotions), in accordance to letter b. paragraph 2 of the information notice",
                "FLAG_PROFILING_OPTIN_TEXT": "I agree to the use of the Personal Data for profiling purposes of my consumer behaviour, in accordance to letter c. paragraph 2 of the information notice",
                "HEADER_SUB_3": "",
                "FOOTER_SUB_1": "I understand that providing the personal data for profiling and marketing purposes is optional.",
                "FLAG_TEXT_MESSAGE": "",
                "PRIVACY_LINK": "I confirm that I have read privacy policy.",
                "PRIVACY_LINK_DCB": "I confirm that I have read privacy policy.",
                "AGREE": ""
            }
        },
        "DEFAULT": {
            "PRIVACY": {
                "HEADER": "AUTHORIZATION FOR DATA PROCESSING",
                "GENERAL_CONSENT_NAM": "I confirm I’m over 16 years old and I have read the Privacy Policy provided by the Data Controllers in accordance with local applicable laws, and I",
                "HEADER_SUB_2": "",
                "FLAG_MARKETING_OPTIN_TEXT": "I agree to the use of the Personal Data for marketing purposes (newsletters, news and promotions), in accordance to letter b. paragraph 2 of the information notice",
                "FLAG_PROFILING_OPTIN_TEXT": "I agree to the use of the Personal Data for profiling purposes of my consumer behaviour, in accordance to letter c. paragraph 2 of the information notice",
                "HEADER_SUB_3": "",
                "FOOTER_SUB_1": "I understand that providing the personal data for profiling and marketing purposes is optional.",
                "FLAG_TEXT_MESSAGE": "",
                "PRIVACY_LINK": "I confirm that I have read privacy policy.",
                "PRIVACY_LINK_DCB": "I confirm that I have read privacy policy.",
                "AGREE": ""
            }
        }
    },
    "1_60": {
        "DE": {
            "PRIVACY": {
                "HEADER": "AUTHORIZATION FOR DATA PROCESSING",
                "HEADER_SUB_1": "I confirm I’m over 16 years old and I have read the Privacy Policy provided by the Data Controllers in accordance with local applicable laws, and I",
                "GENERAL_CONSENT_NAM": "",
                "HEADER_SUB_2": "",
                "FLAG_MARKETING_OPTIN_TEXT": "I agree to the use of the Personal Data for marketing purposes (newsletters, news and promotions), in accordance to letter b. paragraph 2 of the information notice",
                "FLAG_PROFILING_OPTIN_TEXT": "I agree to the use of the Personal Data for profiling purposes of my consumer behaviour, in accordance to letter c. paragraph 2 of the information notice",
                "HEADER_SUB_3": "",
                "FOOTER_SUB_1": "I understand that providing the personal data for profiling and marketing purposes is optional.",
                "FLAG_TEXT_MESSAGE": "",
                "PRIVACY_LINK": "I confirm that I have read privacy policy.",
                "PRIVACY_LINK_DCB": "I confirm that I have read privacy policy.",
                "AGREE": ""
            }
        },
        "FR": {
            "PRIVACY": {
                "HEADER": "AUTHORIZATION FOR DATA PROCESSING",
                "HEADER_SUB_1": "I confirm I’m over 16 years old and I have read the Privacy Policy provided by the Data Controllers in accordance with local applicable laws, and I",
                "GENERAL_CONSENT_NAM": "",
                "HEADER_SUB_2": "",
                "FLAG_MARKETING_OPTIN_TEXT": "I agree to the use of the Personal Data for marketing purposes (newsletters, news and promotions), in accordance to letter b. paragraph 2 of the information notice",
                "FLAG_PROFILING_OPTIN_TEXT": "I agree to the use of the Personal Data for profiling purposes of my consumer behaviour, in accordance to letter c. paragraph 2 of the information notice",
                "HEADER_SUB_3": "",
                "FOOTER_SUB_1": "I understand that providing the personal data for profiling and marketing purposes is optional.",
                "FLAG_TEXT_MESSAGE": "",
                "PRIVACY_LINK": "I confirm that I have read privacy policy.",
                "PRIVACY_LINK_DCB": "I confirm that I have read privacy policy.",
                "AGREE": ""
            }
        },
        "HK": {
            "PRIVACY": {
                "HEADER": "AUTHORIZATION FOR DATA PROCESSING",
                "HEADER_SUB_1": "I confirm I’m over 16 years old and I have read the Privacy Policy provided by the Data Controllers in accordance with local applicable laws, and I",
                "GENERAL_CONSENT_NAM": "I agree to the transfer of my Personal Data outside of my country of residence",
                "HEADER_SUB_2": "",
                "FLAG_MARKETING_OPTIN_TEXT": "I agree to the use of the Personal Data for marketing purposes (newsletters, news and promotions), in accordance to letter b. paragraph 2 of the information notice",
                "FLAG_PROFILING_OPTIN_TEXT": "I agree to the use of the Personal Data for profiling purposes of my consumer behaviour, in accordance to letter c. paragraph 2 of the information notice",
                "HEADER_SUB_3": "",
                "FOOTER_SUB_1": "I understand that providing the personal data for profiling and marketing purposes is optional.",
                "FLAG_TEXT_MESSAGE": "",
                "PRIVACY_LINK": "I confirm that I have read privacy policy.",
                "PRIVACY_LINK_DCB": "I confirm that I have read privacy policy.",
                "AGREE": ""
            }
        },
        "IT": {
            "PRIVACY": {
                "HEADER": "AUTHORIZATION FOR DATA PROCESSING",
                "HEADER_SUB_1": "I confirm I’m over 16 years old and I have read the Privacy Policy provided by the Data Controllers in accordance with local applicable laws, and I",
                "GENERAL_CONSENT_NAM": "",
                "HEADER_SUB_2": "",
                "FLAG_MARKETING_OPTIN_TEXT": "I agree to the use of the Personal Data for marketing purposes (newsletters, news and promotions), in accordance to letter b. paragraph 2 of the information notice",
                "FLAG_PROFILING_OPTIN_TEXT": "I agree to the use of the Personal Data for profiling purposes of my consumer behaviour, in accordance to letter c. paragraph 2 of the information notice",
                "HEADER_SUB_3": "",
                "FOOTER_SUB_1": "I understand that providing the personal data for profiling and marketing purposes is optional.",
                "FLAG_TEXT_MESSAGE": "",
                "PRIVACY_LINK": "I confirm that I have read privacy policy.",
                "PRIVACY_LINK_DCB": "I confirm that I have read privacy policy.",
                "AGREE": ""
            }
        },
        "JP": {
            "PRIVACY": {
                "HEADER": "AUTHORIZATION FOR DATA PROCESSING",
                "HEADER_SUB_1": "I confirm I’m over 16 years old and I have read the Privacy Policy provided by the Data Controllers in accordance with local applicable laws, and I",
                "GENERAL_CONSENT_NAM": "",
                "HEADER_SUB_2": "",
                "FLAG_MARKETING_OPTIN_TEXT": "I agree to the use of the Personal Data for marketing purposes (newsletters, news and promotions), in accordance to letter b. paragraph 2 of the information notice",
                "FLAG_PROFILING_OPTIN_TEXT": "I agree to the use of the Personal Data for profiling purposes of my consumer behaviour, in accordance to letter c. paragraph 2 of the information notice",
                "HEADER_SUB_3": "",
                "FOOTER_SUB_1": "I understand that providing the personal data for profiling and marketing purposes is optional.",
                "FLAG_TEXT_MESSAGE": "",
                "PRIVACY_LINK": "I confirm that I have read privacy policy.",
                "PRIVACY_LINK_DCB": "I confirm that I have read privacy policy.",
                "AGREE": ""
            }
        },
        "KR": {
            "PRIVACY": {
                "HEADER": "AUTHORIZATION FOR DATA PROCESSING",
                "HEADER_SUB_1": "I confirm I’m over 16 years old and I have read the Privacy Policy provided by the Data Controllers in accordance with local applicable laws, and I",
                "GENERAL_CONSENT_NAM": "",
                "HEADER_SUB_2": "",
                "FLAG_MARKETING_OPTIN_TEXT": "I agree to the use of the Personal Data for marketing purposes (newsletters, news and promotions), in accordance to letter b. paragraph 2 of the information notice",
                "FLAG_PROFILING_OPTIN_TEXT": "I agree to the use of the Personal Data for profiling purposes of my consumer behaviour, in accordance to letter c. paragraph 2 of the information notice",
                "HEADER_SUB_3": "",
                "FOOTER_SUB_1": "I understand that providing the personal data for profiling and marketing purposes is optional.",
                "FLAG_TEXT_MESSAGE": "",
                "PRIVACY_LINK": "I confirm that I have read privacy policy.",
                "PRIVACY_LINK_DCB": "I confirm that I have read privacy policy.",
                "AGREE": ""
            }
        },
        "GB": {
            "PRIVACY": {
                "HEADER": "AUTHORIZATION FOR DATA PROCESSING",
                "HEADER_SUB_1": "I confirm I’m over 16 years old and I have read the Privacy Policy provided by the Data Controllers in accordance with local applicable laws, and I",
                "GENERAL_CONSENT_NAM": "",
                "HEADER_SUB_2": "",
                "FLAG_MARKETING_OPTIN_TEXT": "I agree to the use of the Personal Data for marketing purposes (newsletters, news and promotions), in accordance to letter b. paragraph 2 of the information notice",
                "FLAG_PROFILING_OPTIN_TEXT": "I agree to the use of the Personal Data for profiling purposes of my consumer behaviour, in accordance to letter c. paragraph 2 of the information notice",
                "HEADER_SUB_3": "",
                "FOOTER_SUB_1": "I understand that providing the personal data for profiling and marketing purposes is optional.",
                "FLAG_TEXT_MESSAGE": "",
                "PRIVACY_LINK": "I confirm that I have read privacy policy.",
                "PRIVACY_LINK_DCB": "I confirm that I have read privacy policy.",
                "AGREE": ""
            }
        },
        "US": {
            "PRIVACY": {
                "HEADER": "AUTHORIZATION FOR DATA PROCESSING",
                "GENERAL_CONSENT_NAM": "I confirm I’m over 16 years old and I have read the Privacy Policy provided by the Data Controllers in accordance with local applicable laws, and I",
                "HEADER_SUB_2": "",
                "FLAG_MARKETING_OPTIN_TEXT": "I agree to the use of the Personal Data for marketing purposes (newsletters, news and promotions), in accordance to letter b. paragraph 2 of the information notice",
                "FLAG_PROFILING_OPTIN_TEXT": "I agree to the use of the Personal Data for profiling purposes of my consumer behaviour, in accordance to letter c. paragraph 2 of the information notice",
                "HEADER_SUB_3": "",
                "FOOTER_SUB_1": "I understand that providing the personal data for profiling and marketing purposes is optional.",
                "FLAG_TEXT_MESSAGE": "",
                "PRIVACY_LINK": "I confirm that I have read privacy policy.",
                "PRIVACY_LINK_DCB": "I confirm that I have read privacy policy.",
                "AGREE": "Agree"
            }
        },
        "CN": {
            "PRIVACY": {
                "HEADER": "AUTHORIZATION FOR DATA PROCESSING",
                "HEADER_SUB_1": "I confirm I’m over 16 years old and I have read the Privacy Policy provided by the Data Controllers in accordance with local applicable laws, and I",
                "GENERAL_CONSENT_NAM": "",
                "HEADER_SUB_2": "",
                "FLAG_MARKETING_OPTIN_TEXT": "I agree to the use of the Personal Data for marketing purposes (newsletters, news and promotions), in accordance to letter b. paragraph 2 of the information notice",
                "FLAG_PROFILING_OPTIN_TEXT": "I agree to the use of the Personal Data for profiling purposes of my consumer behaviour, in accordance to letter c. paragraph 2 of the information notice",
                "HEADER_SUB_3": "",
                "FOOTER_SUB_1": "I understand that providing the personal data for profiling and marketing purposes is optional.",
                "FLAG_TEXT_MESSAGE": "",
                "PRIVACY_LINK": "I confirm that I have read privacy policy.",
                "PRIVACY_LINK_DCB": "I confirm that I have read privacy policy.",
                "AGREE": ""
            }
        },
        "DEFAULT": {
            "PRIVACY": {
                "HEADER": "AUTHORIZATION FOR DATA PROCESSING",
                "GENERAL_CONSENT_NAM": "I confirm I’m over 16 years old and I have read the Privacy Policy provided by the Data Controllers in accordance with local applicable laws, and I",
                "HEADER_SUB_2": "",
                "FLAG_MARKETING_OPTIN_TEXT": "I agree to the use of the Personal Data for marketing purposes (newsletters, news and promotions), in accordance to letter b. paragraph 2 of the information notice",
                "FLAG_PROFILING_OPTIN_TEXT": "I agree to the use of the Personal Data for profiling purposes of my consumer behaviour, in accordance to letter c. paragraph 2 of the information notice",
                "HEADER_SUB_3": "",
                "FOOTER_SUB_1": "I understand that providing the personal data for profiling and marketing purposes is optional.",
                "FLAG_TEXT_MESSAGE": "",
                "PRIVACY_LINK": "I confirm that I have read privacy policy.",
                "PRIVACY_LINK_DCB": "I confirm that I have read privacy policy.",
                "AGREE": ""
            }
        }
    },
    "2_20": {
        "AT": {
            "PRIVACY": {
                "HEADER": "PRIVACY PREFERENCES",
                "HEADER_SUB": "I confirm that I’m 18 years old and I have read the information notice provided by the Data Controllers in accordance with local applicable laws, I understand that providing the personal data for profiling and marketing purposes is optional and I:",
                "HEADER_SUB_1": "",
                "GENERAL_CONSENT_NAM": "",
                "HEADER_SUB_2": "",
                "FLAG_MARKETING_OPTIN_TEXT": "Having read the information notice, I authorize Diesel S.p.A. to the processing of my personal data for Marketing* purposes as described in paragraph 3.1.d) of the information notice:",
                "FLAG_PROFILING_OPTIN_TEXT": "Having read the information notice, I authorize the Joint Controllers OTB S.p.A. and Diesel S.p.A. to process my personal data for the purpose of Customer analysis to provide experiences in line with your preferences* as described in paragraph 3.2.a) of the information notice",
                "HEADER_SUB_3": "",
                "FOOTER_SUB_1": "",
                "FLAG_TEXT_MESSAGE": "",
                "PRIVACY_LINK": "for full text of information notice click here",
                "PRIVACY_LINK_DCB": "I confirm that I have read privacy policy.",
                "PRIVACY_MARKETING_LINK": "for full details about marketing purposes click here",
                "PRIVACY_PROFILING_LINK": "for details about profiling purposes click here",
                "PRIVACY_TERMCOND_LINK": "full text of T&Cs please click here",
                "AGREE": "Agree"
            }
        },
        "US": {
            "PRIVACY": {
                "HEADER": "PRIVACY PREFERENCES",
                "HEADER_SUB": "I confirm I’m over 16 years old and I have read the information notice provided by the Data Controllers in accordance with local applicable laws, and I",
                "HEADER_SUB_1": "",
                "GENERAL_CONSENT_NAM": "DISCLAIMER FOR DIESEL USA INC.No purchase necessary. Thank you for signing up to receive updates from Diesel USA Inc. For questions about how your information is used and disclosed, please visit our Privacy Statement. Both the Privacy Statement and Terms & Conditions apply.",
                "HEADER_SUB_2": "I understand that providing the personal data for profiling and marketing purposes is optional and I:",
                "FLAG_MARKETING_OPTIN_TEXT": "Having read the Privacy Statement, I authorize Diesel S.p.A. to collect, use and share my personal data for Marketing* purposes as described in paragraph 3.2.c. of the Privacy Statement:",
                "FLAG_PROFILING_OPTIN_TEXT": "Having read the Privacy Statement [link], I authorize the Joint Controllers OTB S.p.A. and Diesel S.p.A. to collect, use and share my personal data for the purpose of Customer analysis to provide experiences in line with my preferences* as described in paragraph 3.3.a. of the Privacy Statement:",
                "HEADER_SUB_3": "Data Controllers require your consent in order to contact you by phone and SMS and send you electronic messages about their products and promotions, included newsletters:",
                "FOOTER_SUB_1": "",
                "FLAG_TEXT_MESSAGE": "By ticking \"I agree,\" you consent to Diesel USA Inc. using automated technology to send recurring promotional text messages to you at the number provided. No purchase required. Message & data rates may apply. Replay STOP to end. Privacy Statement [tiny URL] and Terms & Conditions apply:",
                "PRIVACY_LINK": "for full text of information notice click here",
                "PRIVACY_LINK_DCB": "I confirm that I have read privacy policy.",
                "PRIVACY_MARKETING_LINK": "for full details about marketing purposes click here",
                "PRIVACY_PROFILING_LINK": "for details about profiling purposes click here",
                "PRIVACY_TERMCOND_LINK": "full text of T&Cs please click here",
                "AGREE": "Agree"
            }
        },
        "BE": {
            "PRIVACY": {
                "HEADER": "PRIVACY PREFERENCES",
                "HEADER_SUB": "I confirm that I’m 16 years old and I have read the information notice provided by the Data Controllers in accordance with local applicable laws, I understand that providing the personal data for profiling and marketing purposes is optional and I:",
                "HEADER_SUB_1": "",
                "GENERAL_CONSENT_NAM": "",
                "HEADER_SUB_2": "",
                "FLAG_MARKETING_OPTIN_TEXT": "Having read the information notice, I authorize Diesel S.p.A. to the processing of my personal data for Marketing* purposes on various communication channels online and offline as described in paragraph 3.1.d) of the information notice:",
                "FLAG_PROFILING_OPTIN_TEXT": "Having read the information notice, I authorize the Joint Controllers OTB S.p.A. and Diesel S.p.A. to process my personal data for the purpose of Customer analysis to create a Customer profile and provide experiences in line with your actual and inferred preferences* as described in paragraph 3.2.a) of the information notice",
                "HEADER_SUB_3": "",
                "FOOTER_SUB_1": "",
                "FLAG_TEXT_MESSAGE": "",
                "PRIVACY_LINK": "for full text of information notice click here",
                "PRIVACY_LINK_DCB": "I confirm that I have read privacy policy.",
                "PRIVACY_MARKETING_LINK": "for full details about marketing purposes click here",
                "PRIVACY_PROFILING_LINK": "for details about profiling purposes click here",
                "PRIVACY_TERMCOND_LINK": "full text of T&Cs please click here",
                "AGREE": "Agree"
            }
        },
        "CA": {
            "PRIVACY": {
                "HEADER": "PRIVACY PREFERENCES",
                "HEADER_SUB": "I confirm I’m over 16 years old and I have read the information notice provided by the Data Controllers in accordance with local applicable laws, and I",
                "HEADER_SUB_1": "",
                "GENERAL_CONSENT_NAM": "Ticking “I agree” you consent to provide your information to Diesel USA Inc. with registered office in 220 West 19th street, New York, NY 10011, telephone 2127559200, email client service@diesel.com, to receive marketing communications. No purchase necessary. You can unsubscribe at any time by clicking on the unsubscribe link at the bottom of our emails. Please see our  Privacy Statement, for more information.",
                "HEADER_SUB_2": "I understand that providing the personal data for profiling and marketing purposes is optional and I:",
                "FLAG_MARKETING_OPTIN_TEXT": "Having read the Privacy Statement, I authorize Diesel S.p.A. to collect, use and share my personal data for Marketing* purposes as described in paragraph 3.3.c. of the Privacy Statement. I can at any time withdraw my consent to receive the above-mentioned communications by clicking on the appropriate option in each email received, as well as by writing to the address privacy@diesel.com or otherwise contacting Diesel S.p.a. at the addresses indicated at paragraph 1 of the Privacy Statement.",
                "FLAG_PROFILING_OPTIN_TEXT": "Having read the Privacy Statement, I authorize the Joint Controllers OTB S.p.A. and Diesel S.p.A. to collect, use and share  my personal data for the purpose of Customer analysis to provide experiences in line with my preferences* as described in paragraph 3.4.a. of the Privacy Statement. I can at any time withdraw my consent to receive the above-mentioned communications by clicking on the appropriate option in each email received, as well as by writing to the address privacy@diesel.com, privacy@otb.net or otherwise contacting the Company at the addresses indicated at paragraph 1 of the Privacy Statement.",
                "HEADER_SUB_3": "Data Controllers require your consent in order to contact you by phone and SMS and send you electronic messages about their products and promotions, included newsletters:",
                "FOOTER_SUB_1": "",
                "FLAG_TEXT_MESSAGE": "Ticking \"I agree\" you consent to Diesel USA Inc. using automated technology to send recurring promotional text messages to you at the number provided. No purchase required. Message & data rates may apply. Replay STOP to end. Privacy Statement and Terms & Conditions apply",
                "PRIVACY_LINK": "for full text of information notice click here",
                "PRIVACY_LINK_DCB": "I confirm that I have read privacy policy.",
                "PRIVACY_MARKETING_LINK": "for full details about marketing purposes click here",
                "PRIVACY_PROFILING_LINK": "for details about profiling purposes click here",
                "PRIVACY_TERMCOND_LINK": "full text of T&Cs please click here",
                "AGREE": "Agree"
            }
        },
        "CN": {
            "PRIVACY": {
                "HEADER": "PRIVACY PREFERENCES",
                "HEADER_SUB": "I confirm that I’m 16 years old and I have read the information notice provided by the Data Controllers in accordance with local applicable laws, I understand that providing the personal data for profiling and marketing purposes is optional and I:",
                "HEADER_SUB_1": "",
                "GENERAL_CONSENT_NAM": "",
                "HEADER_SUB_2": "",
                "FLAG_MARKETING_OPTIN_TEXT": "Having read the information notice, I authorize Diesel S.p.A. and Diesel Dragon Trading Co. Ltd to the processing of my personal data for Marketing* purposes as described in paragraphs 3.1.c) and 3.3.e) of the information notice",
                "FLAG_PROFILING_OPTIN_TEXT": "Having read the information notice, I authorize the Joint Controllers OTB S.p.A. and Diesel S.p.A. to process my personal data for the purpose of Customer analysis to provide experiences in line with your preferences* as described in paragraph 3.2.a) of the information notice",
                "HEADER_SUB_3": "",
                "FOOTER_SUB_1": "",
                "FLAG_TEXT_MESSAGE": "",
                "PRIVACY_LINK": "for full text of information notice click here",
                "PRIVACY_LINK_DCB": "I confirm that I have read privacy policy.",
                "PRIVACY_MARKETING_LINK": "for full details about marketing purposes click here",
                "PRIVACY_PROFILING_LINK": "for details about profiling purposes click here",
                "PRIVACY_TERMCOND_LINK": "full text of T&Cs please click here",
                "AGREE": "Agree"
            }
        },
        "CY": {
            "PRIVACY": {
                "HEADER": "PRIVACY PREFERENCES",
                "HEADER_SUB": "I confirm that I’m 16 years old and I have read the information notice provided by the Data Controllers in accordance with local applicable laws, I understand that providing the personal data for profiling and marketing purposes is optional and I:",
                "HEADER_SUB_1": "",
                "GENERAL_CONSENT_NAM": "",
                "HEADER_SUB_2": "",
                "FLAG_MARKETING_OPTIN_TEXT": "to the use of the Personal Data for marketing purposes (newsletters, news and promotions), in accordance to letter b. paragraph 2 of the information notice",
                "FLAG_PROFILING_OPTIN_TEXT": "to the use of the Personal Data for profiling purposes of my consumer behaviour, in accordance to letter c. paragraph 2 of the information notice",
                "HEADER_SUB_3": "",
                "FOOTER_SUB_1": "",
                "FLAG_TEXT_MESSAGE": "",
                "PRIVACY_LINK": "for full text of information notice click here",
                "PRIVACY_LINK_DCB": "I confirm that I have read privacy policy.",
                "PRIVACY_MARKETING_LINK": "for full details about marketing purposes click here",
                "PRIVACY_PROFILING_LINK": "for details about profiling purposes click here",
                "PRIVACY_TERMCOND_LINK": "full text of T&Cs please click here",
                "AGREE": "Agree"
            }
        },
        "DK": {
            "PRIVACY": {
                "HEADER": "PRIVACY PREFERENCES",
                "HEADER_SUB": "I confirm that I’m 16 years old and I have read the information notice provided by the Data Controllers in accordance with local applicable laws, I understand that providing the personal data for profiling and marketing purposes is optional and I:",
                "HEADER_SUB_1": "",
                "GENERAL_CONSENT_NAM": "",
                "HEADER_SUB_2": "",
                "FLAG_MARKETING_OPTIN_TEXT": "Having read the information notice, I authorize Diesel S.p.A. to the processing of my personal data for Marketing* purposes as described in paragraph 3.1.d) of the information notice, which means that Diesel S.p.A. will be able to process Biographical Data and Contact and Purchase Data for advertising activities on the social networks to which I am subscribed or sending advertising or direct sales material, carrying out market research, sending commercial promotions and discounts reserved to customers, commercial information - possibly also customized – regarding clothes and other Diesel branded products, with automated contact methods (e-mail, newsletters, SMS, MMS, messaging platforms, etc.) and traditional contact methods (mail).",
                "FLAG_PROFILING_OPTIN_TEXT": "Having read the information notice, I authorize the Joint Controllers OTB S.p.A. and Diesel S.p.A. to process my personal data for the purpose of Customer analysis to provide experiences in line with your preferences* as described in paragraph 3.2.a) of the information notice, which means the Joint Data Controllers will be able to process the Biographical Data, the Contact Data, the Sales Data, the Data collected in the shop, the Purchase Data and the Navigation Data for profiling purposes, or for analysis on your purchasing preferences consisting of automated processing of the above mentioned data. This processing is aimed at analytically knowing or predicting your purchasing preferences also in order to create customers profiles, and customize the commercial offer so that it is more in line with your preferences.",
                "HEADER_SUB_3": "",
                "FOOTER_SUB_1": "",
                "FLAG_TEXT_MESSAGE": "",
                "PRIVACY_LINK": "for full text of information notice click here",
                "PRIVACY_LINK_DCB": "I confirm that I have read privacy policy.",
                "PRIVACY_MARKETING_LINK": "for full details about marketing purposes click here",
                "PRIVACY_PROFILING_LINK": "for details about profiling purposes click here",
                "PRIVACY_TERMCOND_LINK": "full text of T&Cs please click here",
                "AGREE": "Agree"
            }
        },
        "FI": {
            "PRIVACY": {
                "HEADER": "PRIVACY PREFERENCES",
                "HEADER_SUB": "I confirm that I’m 16 years old and I have read the information notice provided by the Data Controllers in accordance with local applicable laws, I understand that providing the personal data for profiling and marketing purposes is optional and I:",
                "HEADER_SUB_1": "",
                "GENERAL_CONSENT_NAM": "",
                "HEADER_SUB_2": "",
                "FLAG_MARKETING_OPTIN_TEXT": "Having read the information notice, I authorize Diesel S.p.A. to the processing of my personal data for Marketing* purposes as described in paragraph 3.1.d) of the information notice:",
                "FLAG_PROFILING_OPTIN_TEXT": "Having read the information notice, I authorize the Joint Controllers OTB S.p.A. and Diesel S.p.A. to process my personal data for the purpose of Customer analysis to provide experiences in line with your preferences* as described in paragraph 3.2.a) of the information notice",
                "HEADER_SUB_3": "",
                "FOOTER_SUB_1": "",
                "FLAG_TEXT_MESSAGE": "",
                "PRIVACY_LINK": "for full text of information notice click here",
                "PRIVACY_LINK_DCB": "I confirm that I have read privacy policy.",
                "PRIVACY_MARKETING_LINK": "for full details about marketing purposes click here",
                "PRIVACY_PROFILING_LINK": "for details about profiling purposes click here",
                "PRIVACY_TERMCOND_LINK": "full text of T&Cs please click here",
                "AGREE": "Agree"
            }
        },
        "FR": {
            "PRIVACY": {
                "HEADER": "PRIVACY PREFERENCES",
                "HEADER_SUB": "I confirm that I’m 16 years old and I have read the information notice provided by the Data Controllers in accordance with local applicable laws, I understand that providing the personal data for profiling and marketing purposes is optional and I:",
                "HEADER_SUB_1": "",
                "GENERAL_CONSENT_NAM": "",
                "HEADER_SUB_2": "",
                "FLAG_MARKETING_OPTIN_TEXT": "Having read the information notice, I authorize Diesel S.p.A. to the processing of my personal data for Marketing* purposes on various communication channels online and offline as described in paragraph 3.1.d) of the information notice:",
                "FLAG_PROFILING_OPTIN_TEXT": "Having read the information notice, I authorize the Joint Controllers OTB S.p.A. and Diesel S.p.A. to process my personal data for the purpose of Customer analysis to create a Customer profile and provide experiences in line with your actual and inferred preferences* as described in paragraph 3.2.a) of the information notice",
                "HEADER_SUB_3": "",
                "FOOTER_SUB_1": "",
                "FLAG_TEXT_MESSAGE": "",
                "PRIVACY_LINK": "for full text of information notice click here",
                "PRIVACY_LINK_DCB": "I confirm that I have read privacy policy.",
                "PRIVACY_MARKETING_LINK": "for full details about marketing purposes click here",
                "PRIVACY_PROFILING_LINK": "for details about profiling purposes click here",
                "PRIVACY_TERMCOND_LINK": "full text of T&Cs please click here",
                "AGREE": "Agree"
            }
        },
        "DE": {
            "PRIVACY": {
                "HEADER": "PRIVACY PREFERENCES",
                "HEADER_SUB": "I confirm that I’m 16 years old and I have read the information notice provided by the Data Controllers in accordance with local applicable laws, I understand that providing the personal data for profiling and marketing purposes is optional and I:",
                "HEADER_SUB_1": "",
                "GENERAL_CONSENT_NAM": "",
                "HEADER_SUB_2": "",
                "FLAG_MARKETING_OPTIN_TEXT": "Having read the information notice, I authorize Diesel S.p.A. to the processing of my personal data for Marketing* purposes as described in paragraph 3.1.d) of the information notice:",
                "FLAG_PROFILING_OPTIN_TEXT": "Having read the information notice, I authorize the Joint Controllers OTB S.p.A. and Diesel S.p.A. to process my personal data for the purpose of Customer analysis to provide experiences in line with your preferences* as described in paragraph 3.2.a) of the information notice",
                "HEADER_SUB_3": "",
                "FOOTER_SUB_1": "",
                "FLAG_TEXT_MESSAGE": "",
                "PRIVACY_LINK": "for full text of information notice click here",
                "PRIVACY_LINK_DCB": "I confirm that I have read privacy policy.",
                "PRIVACY_MARKETING_LINK": "for full details about marketing purposes click here",
                "PRIVACY_PROFILING_LINK": "for details about profiling purposes click here",
                "PRIVACY_TERMCOND_LINK": "full text of T&Cs please click here",
                "AGREE": "Agree"
            }
        },
        "GR": {
            "PRIVACY": {
                "HEADER": "PRIVACY PREFERENCES",
                "HEADER_SUB": "I confirm that I’m 16 years old and I have read the information notice provided by the Data Controllers in accordance with local applicable laws, I understand that providing the personal data for profiling and marketing purposes is optional and I:",
                "HEADER_SUB_1": "",
                "GENERAL_CONSENT_NAM": "",
                "HEADER_SUB_2": "",
                "FLAG_MARKETING_OPTIN_TEXT": "Having read the information notice, I authorize Diesel S.p.A. to the processing of my personal data for Marketing* purposes as described in paragraph 3.1.d) of the information notice:",
                "FLAG_PROFILING_OPTIN_TEXT": "Having read the information notice, I authorize the Joint Controllers OTB S.p.A. and Diesel S.p.A. to process my personal data for the purpose of Customer analysis to provide experiences in line with your preferences* as described in paragraph 3.2.a) of the information notice",
                "HEADER_SUB_3": "",
                "FOOTER_SUB_1": "",
                "FLAG_TEXT_MESSAGE": "",
                "PRIVACY_LINK": "for full text of information notice click here",
                "PRIVACY_LINK_DCB": "I confirm that I have read privacy policy.",
                "PRIVACY_MARKETING_LINK": "for full details about marketing purposes click here",
                "PRIVACY_PROFILING_LINK": "for details about profiling purposes click here",
                "PRIVACY_TERMCOND_LINK": "full text of T&Cs please click here",
                "AGREE": "Agree"
            }
        },
        "HK": {
            "PRIVACY": {
                "HEADER": "PRIVACY PREFERENCES",
                "HEADER_SUB": "I confirm that I am over 16 years old and I have read the information notice provided by the Data Controllers in accordance with local applicable laws, I understand that providing the personal data for profiling and marketing purposes is optional and I:",
                "HEADER_SUB_1": "",
                "GENERAL_CONSENT_NAM": "to the transfer of my Personal Data outside of the country to Data Controller as referred in paragraphs 1 and 5 of the information notice",
                "HEADER_SUB_2": "",
                "FLAG_MARKETING_OPTIN_TEXT": "Having read the information notice, I authorize Diesel S.p.A. to the processing of my personal data for Marketing* purposes as described in paragraph 3.1.c) of the information notice",
                "FLAG_PROFILING_OPTIN_TEXT": "Having read the information notice, I authorize the Joint Controllers OTB S.p.A. and Diesel S.p.A. to process my personal data for the purpose of Customer analysis to provide experiences in line with your preferences* as described in paragraph 3.2.a) of the information notice",
                "HEADER_SUB_3": "",
                "FOOTER_SUB_1": "",
                "FLAG_TEXT_MESSAGE": "",
                "PRIVACY_LINK": "for full text of information notice click here",
                "PRIVACY_LINK_DCB": "I confirm that I have read privacy policy.",
                "PRIVACY_MARKETING_LINK": "for full details about marketing purposes click here",
                "PRIVACY_PROFILING_LINK": "for details about profiling purposes click here",
                "PRIVACY_TERMCOND_LINK": "full text of T&Cs please click here",
                "AGREE": "Agree"
            }
        },
        "IE": {
            "PRIVACY": {
                "HEADER": "PRIVACY PREFERENCES",
                "HEADER_SUB": "I confirm that I’m 16 years old and I have read the information notice provided by the Data Controllers in accordance with local applicable laws, I understand that providing the personal data for profiling and marketing purposes is optional and I:",
                "HEADER_SUB_1": "",
                "GENERAL_CONSENT_NAM": "",
                "HEADER_SUB_2": "",
                "FLAG_MARKETING_OPTIN_TEXT": "Having read the information notice, I authorize Diesel S.p.A. to the processing of my personal data for Marketing* purposes as described in paragraph 3.1.d) of the information notice:",
                "FLAG_PROFILING_OPTIN_TEXT": "Having read the information notice, I authorize the Joint Controllers OTB S.p.A. and Diesel S.p.A. to process my personal data for the purpose of Customer analysis to provide experiences in line with your preferences* as described in paragraph 3.2.a) of the information notice",
                "HEADER_SUB_3": "",
                "FOOTER_SUB_1": "",
                "FLAG_TEXT_MESSAGE": "",
                "PRIVACY_LINK": "for full text of information notice click here",
                "PRIVACY_LINK_DCB": "I confirm that I have read privacy policy.",
                "PRIVACY_MARKETING_LINK": "for full details about marketing purposes click here",
                "PRIVACY_PROFILING_LINK": "for details about profiling purposes click here",
                "PRIVACY_TERMCOND_LINK": "full text of T&Cs please click here",
                "AGREE": "Agree"
            }
        },
        "IT": {
            "PRIVACY": {
                "HEADER": "PRIVACY PREFERENCES",
                "HEADER_SUB": "I have read the information notice provided by the Data Controllers in accordance with local applicable laws, I understand that providing the personal data for profiling and marketing purposes is optional and I:",
                "HEADER_SUB_1": "",
                "GENERAL_CONSENT_NAM": "",
                "HEADER_SUB_2": "",
                "FLAG_MARKETING_OPTIN_TEXT": "to the use of the Personal Data for marketing purposes (newsletters, news and promotions), in accordance to letter b. paragraph 2 of the information notice",
                "FLAG_PROFILING_OPTIN_TEXT": "to the use of the Personal Data for profiling purposes of my consumer behaviour, in accordance to letter c. paragraph 2 of the information notice",
                "HEADER_SUB_3": "",
                "FOOTER_SUB_1": "",
                "FLAG_TEXT_MESSAGE": "",
                "PRIVACY_LINK": "for full text of information notice click here",
                "PRIVACY_LINK_DCB": "I confirm that I have read privacy policy.",
                "PRIVACY_MARKETING_LINK": "for full details about marketing purposes click here",
                "PRIVACY_PROFILING_LINK": "for details about profiling purposes click here",
                "PRIVACY_TERMCOND_LINK": "full text of T&Cs please click here",
                "AGREE": "Agree"
            }
        },
        "NL": {
            "PRIVACY": {
                "HEADER": "PRIVACY PREFERENCES",
                "HEADER_SUB": "I confirm that I’m 16 years old and I have read the information notice provided by the Data Controllers in accordance with local applicable laws, I understand that providing the personal data for profiling and marketing purposes is optional and I:",
                "HEADER_SUB_1": "",
                "GENERAL_CONSENT_NAM": "",
                "HEADER_SUB_2": "",
                "FLAG_MARKETING_OPTIN_TEXT": "Having read the information notice, I authorize Diesel S.p.A. to the processing of my personal data for Marketing* purposes as described in paragraph 3.1.d) of the information notice:",
                "FLAG_PROFILING_OPTIN_TEXT": "Having read the information notice, I authorize the Joint Controllers OTB S.p.A. and Diesel S.p.A. to process my personal data for the purpose of Customer analysis to provide experiences in line with your preferences* as described in paragraph 3.2.a) of the information notice",
                "HEADER_SUB_3": "",
                "FOOTER_SUB_1": "",
                "FLAG_TEXT_MESSAGE": "",
                "PRIVACY_LINK": "for full text of information notice click here",
                "PRIVACY_LINK_DCB": "I confirm that I have read privacy policy.",
                "PRIVACY_MARKETING_LINK": "for full details about marketing purposes click here",
                "PRIVACY_PROFILING_LINK": "for details about profiling purposes click here",
                "PRIVACY_TERMCOND_LINK": "full text of T&Cs please click here",
                "AGREE": "Agree"
            }
        },
        "NO": {
            "PRIVACY": {
                "HEADER": "PRIVACY PREFERENCES",
                "HEADER_SUB": "I confirm that I’m 16 years old and I have read the information notice provided by the Data Controllers in accordance with local applicable laws, I understand that providing the personal data for profiling and marketing purposes is optional and I:",
                "HEADER_SUB_1": "",
                "GENERAL_CONSENT_NAM": "",
                "HEADER_SUB_2": "",
                "FLAG_MARKETING_OPTIN_TEXT": "Having read the information notice, I authorize Diesel S.p.A. to the processing of my personal data for Marketing* purposes as described in paragraph 3.1.d) of the information notice:",
                "FLAG_PROFILING_OPTIN_TEXT": "Having read the information notice, I authorize the Joint Controllers OTB S.p.A. and Diesel S.p.A. to process my personal data for the purpose of Customer analysis to provide experiences in line with your preferences* as described in paragraph 3.2.a) of the information notice",
                "HEADER_SUB_3": "",
                "FOOTER_SUB_1": "",
                "FLAG_TEXT_MESSAGE": "",
                "PRIVACY_LINK": "for full text of information notice click here",
                "PRIVACY_LINK_DCB": "I confirm that I have read privacy policy.",
                "PRIVACY_MARKETING_LINK": "for full details about marketing purposes click here",
                "PRIVACY_PROFILING_LINK": "for details about profiling purposes click here",
                "PRIVACY_TERMCOND_LINK": "full text of T&Cs please click here",
                "AGREE": "Agree"
            }
        },
        "PT": {
            "PRIVACY": {
                "HEADER": "PRIVACY PREFERENCES",
                "HEADER_SUB": "I confirm I’m over 18 years old and I have read the information notice provided by the Data Controllers in accordance with local applicable laws, I understand that providing the personal data for profiling and marketing purposes is optional and I:",
                "HEADER_SUB_1": "",
                "GENERAL_CONSENT_NAM": "",
                "HEADER_SUB_2": "",
                "FLAG_MARKETING_OPTIN_TEXT": "Having read the information notice, I authorize Diesel S.p.A. to the processing of my personal data for Marketing* purposes as described in paragraph 3.1.d) of the information notice:",
                "FLAG_PROFILING_OPTIN_TEXT": "Having read the information notice, I authorize the Joint Controllers OTB S.p.A. and Diesel S.p.A. to process my personal data for the purpose of Customer analysis to provide experiences in line with your preferences* as described in paragraph 3.2.a) of the information notice",
                "HEADER_SUB_3": "",
                "FOOTER_SUB_1": "",
                "FLAG_TEXT_MESSAGE": "",
                "PRIVACY_LINK": "for full text of information notice click here",
                "PRIVACY_LINK_DCB": "I confirm that I have read privacy policy.",
                "PRIVACY_MARKETING_LINK": "for full details about marketing purposes click here",
                "PRIVACY_PROFILING_LINK": "for details about profiling purposes click here",
                "PRIVACY_TERMCOND_LINK": "full text of T&Cs please click here",
                "AGREE": "Agree"
            }
        },
        "ES": {
            "PRIVACY": {
                "HEADER": "PRIVACY PREFERENCES",
                "HEADER_SUB": "I confirm that I’m 16 years old and I have read the information notice provided by the Data Controllers in accordance with local applicable laws, I understand that providing the personal data for profiling and marketing purposes is optional and I:",
                "HEADER_SUB_1": "",
                "GENERAL_CONSENT_NAM": "",
                "HEADER_SUB_2": "",
                "FLAG_MARKETING_OPTIN_TEXT": "Having read the information notice, I authorize Diesel S.p.A. to the processing of my personal data for Marketing* purposes as described in paragraph 3.1.d) of the information notice:",
                "FLAG_PROFILING_OPTIN_TEXT": "Having read the information notice, I authorize the Joint Controllers OTB S.p.A. and Diesel S.p.A. to process my personal data for the purpose of Customer analysis to provide experiences in line with your preferences* as described in paragraph 3.2.a) of the information notice",
                "HEADER_SUB_3": "",
                "FOOTER_SUB_1": "",
                "FLAG_TEXT_MESSAGE": "",
                "PRIVACY_LINK": "for full text of information notice click here",
                "PRIVACY_LINK_DCB": "I confirm that I have read privacy policy.",
                "PRIVACY_MARKETING_LINK": "for full details about marketing purposes click here",
                "PRIVACY_PROFILING_LINK": "for details about profiling purposes click here",
                "PRIVACY_TERMCOND_LINK": "full text of T&Cs please click here",
                "AGREE": "Agree"
            }
        },
        "SE": {
            "PRIVACY": {
                "HEADER": "PRIVACY PREFERENCES",
                "HEADER_SUB": "I confirm that I’m 16 years old and I have read the information notice provided by the Data Controllers in accordance with local applicable laws, I understand that providing the personal data for profiling and marketing purposes is optional and I:",
                "HEADER_SUB_1": "",
                "GENERAL_CONSENT_NAM": "",
                "HEADER_SUB_2": "",
                "FLAG_MARKETING_OPTIN_TEXT": "Having read the information notice, I authorize Diesel S.p.A. to the processing of my personal data for Marketing* purposes as described in paragraph 3.1.d) of the information notice:",
                "FLAG_PROFILING_OPTIN_TEXT": "Having read the information notice, I authorize the Joint Controllers OTB S.p.A. and Diesel S.p.A. to process my personal data for the purpose of Customer analysis to provide experiences in line with your preferences* as described in paragraph 3.2.a) of the information notice",
                "HEADER_SUB_3": "",
                "FOOTER_SUB_1": "",
                "FLAG_TEXT_MESSAGE": "",
                "PRIVACY_LINK": "for full text of information notice click here",
                "PRIVACY_LINK_DCB": "I confirm that I have read privacy policy.",
                "PRIVACY_MARKETING_LINK": "for full details about marketing purposes click here",
                "PRIVACY_PROFILING_LINK": "for details about profiling purposes click here",
                "PRIVACY_TERMCOND_LINK": "full text of T&Cs please click here",
                "AGREE": "Agree"
            }
        },
        "CH": {
            "PRIVACY": {
                "HEADER": "PRIVACY PREFERENCES",
                "HEADER_SUB": "I confirm that I’m 16 years old and I have read the information notice provided by the Data Controllers in accordance with local applicable laws, I understand that providing the personal data for profiling and marketing purposes is optional and I:",
                "HEADER_SUB_1": "",
                "GENERAL_CONSENT_NAM": "",
                "HEADER_SUB_2": "",
                "FLAG_MARKETING_OPTIN_TEXT": "Having read the information notice, I authorize Diesel S.p.A. to the processing of my personal data for Marketing* purposes as described in paragraph 3.1.d) of the information notice:",
                "FLAG_PROFILING_OPTIN_TEXT": "Having read the information notice, I authorize the Joint Controllers OTB S.p.A. and Diesel S.p.A. to process my personal data for the purpose of Customer analysis to provide experiences in line with your preferences* as described in paragraph 3.2.a) of the information notice",
                "HEADER_SUB_3": "",
                "FOOTER_SUB_1": "",
                "FLAG_TEXT_MESSAGE": "",
                "PRIVACY_LINK": "for full text of information notice click here",
                "PRIVACY_LINK_DCB": "I confirm that I have read privacy policy.",
                "PRIVACY_MARKETING_LINK": "for full details about marketing purposes click here",
                "PRIVACY_PROFILING_LINK": "for details about profiling purposes click here",
                "PRIVACY_TERMCOND_LINK": "full text of T&Cs please click here",
                "AGREE": "Agree"
            }
        },
        "GB": {
            "PRIVACY": {
                "HEADER": "PRIVACY PREFERENCES",
                "HEADER_SUB": "I confirm that I’m 16 years old and I have read the information notice provided by the Data Controllers in accordance with local applicable laws, I understand that providing the personal data for profiling and marketing purposes is optional and I:",
                "HEADER_SUB_1": "",
                "GENERAL_CONSENT_NAM": "",
                "HEADER_SUB_2": "",
                "FLAG_MARKETING_OPTIN_TEXT": "to the use of the Personal Data for marketing purposes (newsletters, news and promotions), in accordance to letter b. paragraph 2 of the information notice",
                "FLAG_PROFILING_OPTIN_TEXT": "to the use of the Personal Data for profiling purposes of my consumer behaviour, in accordance to letter c. paragraph 2 of the information notice",
                "HEADER_SUB_3": "",
                "FOOTER_SUB_1": "",
                "FLAG_TEXT_MESSAGE": "",
                "PRIVACY_LINK": "for full text of information notice click here",
                "PRIVACY_LINK_DCB": "I confirm that I have read privacy policy.",
                "PRIVACY_MARKETING_LINK": "for full details about marketing purposes click here",
                "PRIVACY_PROFILING_LINK": "for details about profiling purposes click here",
                "PRIVACY_TERMCOND_LINK": "full text of T&Cs please click here",
                "AGREE": "Agree"
            }
        },
        "DEFAULT": {
            "PRIVACY": {
                "HEADER": "PRIVACY PREFERENCES",
                "HEADER_SUB": "I confirm that I’m 16 years old and I have read the information notice provided by the Data Controllers in accordance with local applicable laws, I understand that providing the personal data for profiling and marketing purposes is optional and I:",
                "HEADER_SUB_1": "",
                "GENERAL_CONSENT_NAM": "",
                "HEADER_SUB_2": "",
                "FLAG_MARKETING_OPTIN_TEXT": "to the use of the Personal Data for marketing purposes (newsletters, news and promotions), in accordance to letter b. paragraph 2 of the information notice",
                "FLAG_PROFILING_OPTIN_TEXT": "to the use of the Personal Data for profiling purposes of my consumer behaviour, in accordance to letter c. paragraph 2 of the information notice",
                "HEADER_SUB_3": "",
                "FOOTER_SUB_1": "",
                "FLAG_TEXT_MESSAGE": "",
                "PRIVACY_LINK": "for full text of information notice click here",
                "PRIVACY_LINK_DCB": "I confirm that I have read privacy policy.",
                "PRIVACY_MARKETING_LINK": "for full details about marketing purposes click here",
                "PRIVACY_PROFILING_LINK": "for details about profiling purposes click here",
                "PRIVACY_TERMCOND_LINK": "full text of T&Cs please click here",
                "AGREE": "Agree"
            }
        }
    },
    "4_40": {
        "DE": {
            "PRIVACY": {
                "HEADER": "Consent to the processing of Personal Data",
                "HEADER_SUB": "I have read the information notice provided by the Data Controllers in accordance with local applicable laws, I understand that providing the personal data for profiling and marketing purposes is optional and I:",
                "HEADER_SUB_1": "",
                "GENERAL_CONSENT_NAM": "",
                "HEADER_SUB_2": "",
                "FLAG_MARKETING_OPTIN_TEXT": "to the use of the Personal Data for marketing purposes (newsletters, news and promotions), in accordance to letter b. paragraph 2 of the information notice",
                "FLAG_PROFILING_OPTIN_TEXT": "to the use of the Personal Data for profiling purposes of my consumer behaviour, in accordance to letter c. paragraph 2 of the information notice",
                "HEADER_SUB_3": "",
                "FOOTER_SUB_1": "",
                "FLAG_TEXT_MESSAGE": "",
                "PRIVACY_LINK": "I confirm that I have read Marni's privacy policy.",
                "PRIVACY_LINK_DCB": "I confirm that I have read privacy policy.",
                "AGREE": "Agree"
            }
        },
        "FR": {
            "PRIVACY": {
                "HEADER": "Consent to the processing of Personal Data",
                "HEADER_SUB": "I have read the information notice provided by the Data Controllers in accordance with local applicable laws, I understand that providing the personal data for profiling and marketing purposes is optional and I:",
                "HEADER_SUB_1": "",
                "GENERAL_CONSENT_NAM": "",
                "HEADER_SUB_2": "",
                "FLAG_MARKETING_OPTIN_TEXT": "to the use of the Personal Data for marketing purposes (newsletters, news and promotions), in accordance to letter b. paragraph 2 of the information notice",
                "FLAG_PROFILING_OPTIN_TEXT": "to the use of the Personal Data for profiling purposes of my consumer behaviour, in accordance to letter c. paragraph 2 of the information notice",
                "HEADER_SUB_3": "",
                "FOOTER_SUB_1": "",
                "FLAG_TEXT_MESSAGE": "",
                "PRIVACY_LINK": "I confirm that I have read Marni's privacy policy.",
                "PRIVACY_LINK_DCB": "I confirm that I have read privacy policy.",
                "AGREE": "Agree"
            }
        },
        "HK": {
            "PRIVACY": {
                "HEADER": "個人資料收集聲明",
                "HEADER_SUB": "本人在以下方格打勾、簽署並遞交本表格時代表本人已經閱讀並理解Joyce*的私隱政策[於www.joyce.com]及Marni**的私隱政策[於www.marni.com](“各自的私隱政策”)，並同意以下的事項：Joyce及Marni(總稱“資料管理人”)可嚴格根據各自的私隱政策各自收集、使用及儲存本人於本表格提供的個人資料（我的“個人資料”）以向本人提供服務、直銷推廣、以及分析本人購物習慣的用途。本人可自願提供個人資料，但若本人不提供個人資料，Joyce及Marni將不能向本人提供服務。本人個人資料將被嚴格保密，但可根據各自的私隱政策向該等各自的私隱政策中列明的第三方在保密的前提下提供(而本人已閱讀並知悉該等第三方)。<br/><br/>直銷推廣用途：<ul><li>(i) 資料管理人在沒有得到本人同意之前不得把本人的個人資料用作直接市場推廣用途。</li><li>(ii) 資料管理人可根據各自的私隱政策使用本人個人資料向本人發出有關飲食、食物飲料、體育、音樂、電影、電視及其他娛樂、服裝及飾物、珠寶、行李及手提包、化妝品、個人衛生護理、電子產品、家居裝修、家品、汽車、交通及旅遊、酒店、金融服務、誠信及獎賞計劃、媒體服務、娛樂服務、社交媒體服務、付款服務、網上廣告服務、其他電子商務、資訊及傳訊服務及禮賓部服務的最新消息、活動和促銷的通知。</li></ul><br/>國外轉移：<br><ul><li>(iii) 若本人同意，本人個人資料可為各自的私隱政策列明的用途而被轉移至本人居住國家以外地方</li></ul><br/>本人可以於任何時候通過以下途徑拒絕再接受推廣信息，或要求查閱及更改/刪除本人個人資料：<br/><ul><li>點擊“取消訂閱”連接</li><li>電郵至[email](Joyce)或[email](Marni)聯繫Joyce及/或Marni的私隱專員；</li><li>郵寄至[address](Joyce)或[address](Marni)聯繫Joyce及/或Marni的私隱專員</li></ul><br/>*Joyce指Joyce Boutique Holdings Limited, LCJG Limited及與其有關的公司（包括其附屬公司及關聯公司）。<br/>**Marni指OTB S.p.A., Marni Group Srl, Ynap 以及[ affiliates]。<br/><br/>如果您同意為以下目的使用您的個人資料，請在適當的方框內打勾：",
                "HEADER_SUB_1": "",
                "GENERAL_CONSENT_NAM": "本人同意Joyce及Marni轉移本人的個人資料至本人居住國家以外地方",
                "HEADER_SUB_2": "",
                "FLAG_MARKETING_OPTIN_TEXT": "本人同意Joyce及Marni為直銷推廣用途使用本人的個人資料",
                "FLAG_PROFILING_OPTIN_TEXT": "本人同意Joyce及Marni使用本人個人資料分析本人購物習慣",
                "HEADER_SUB_3": "",
                "FOOTER_SUB_1": "",
                "FLAG_TEXT_MESSAGE": "",
                "PRIVACY_LINK": "I confirm that I have read Marni's privacy policy.",
                "PRIVACY_LINK_DCB": "I confirm that I have read privacy policy.",
                "AGREE": ""
            }
        },
        "IT": {
            "PRIVACY": {
                "HEADER": "Consent to the processing of Personal Data",
                "HEADER_SUB": "I have read the information notice provided by the Data Controllers in accordance with local applicable laws, I understand that providing the personal data for profiling and marketing purposes is optional and I:",
                "HEADER_SUB_1": "",
                "GENERAL_CONSENT_NAM": "",
                "HEADER_SUB_2": "",
                "FLAG_MARKETING_OPTIN_TEXT": "to the use of the Personal Data for marketing purposes (newsletters, news and promotions), in accordance to letter b. paragraph 2 of the information notice",
                "FLAG_PROFILING_OPTIN_TEXT": "to the use of the Personal Data for profiling purposes of my consumer behaviour, in accordance to letter c. paragraph 2 of the information notice",
                "HEADER_SUB_3": "",
                "FOOTER_SUB_1": "",
                "FLAG_TEXT_MESSAGE": "",
                "PRIVACY_LINK": "I confirm that I have read Marni's privacy policy.",
                "PRIVACY_LINK_DCB": "I confirm that I have read privacy policy.",
                "AGREE": "Agree"
            }
        },
        "JP": {
            "PRIVACY": {
                "HEADER": "Consent to the processing of Personal Data",
                "HEADER_SUB": "I have read the information notice provided by the Data Controllers in accordance with local applicable laws, I understand that providing the personal data for profiling and marketing purposes is optional and I:",
                "HEADER_SUB_1": "",
                "GENERAL_CONSENT_NAM": "",
                "HEADER_SUB_2": "",
                "FLAG_MARKETING_OPTIN_TEXT": "to the use of the Personal Data for marketing purposes (newsletters, news and promotions), in accordance to letter b. paragraph 2 of the information notice",
                "FLAG_PROFILING_OPTIN_TEXT": "to the use of the Personal Data for profiling purposes of my consumer behaviour, in accordance to letter c. paragraph 2 of the information notice",
                "HEADER_SUB_3": "",
                "FOOTER_SUB_1": "",
                "FLAG_TEXT_MESSAGE": "",
                "PRIVACY_LINK": "I confirm that I have read Marni's privacy policy.",
                "PRIVACY_LINK_DCB": "I confirm that I have read privacy policy.",
                "AGREE": "Agree"
            }
        },
        "ES": {
            "PRIVACY": {
                "HEADER": "Consent to the processing of Personal Data",
                "HEADER_SUB": "I have read the information notice provided by the Data Controllers in accordance with local applicable laws, I understand that providing the personal data for profiling and marketing purposes is optional and I:",
                "HEADER_SUB_1": "",
                "GENERAL_CONSENT_NAM": "",
                "HEADER_SUB_2": "",
                "FLAG_MARKETING_OPTIN_TEXT": "to the use of the Personal Data for marketing purposes (newsletters, news and promotions), in accordance to letter b. paragraph 2 of the information notice",
                "FLAG_PROFILING_OPTIN_TEXT": "to the use of the Personal Data for profiling purposes of my consumer behaviour, in accordance to letter c. paragraph 2 of the information notice",
                "HEADER_SUB_3": "",
                "FOOTER_SUB_1": "",
                "FLAG_TEXT_MESSAGE": "",
                "PRIVACY_LINK": "I confirm that I have read Marni's privacy policy.",
                "PRIVACY_LINK_DCB": "I confirm that I have read privacy policy.",
                "AGREE": "Agree"
            }
        },
        "GB": {
            "PRIVACY": {
                "HEADER": "Consent to the processing of Personal Data",
                "HEADER_SUB": "I have read the information notice provided by the Data Controllers in accordance with local applicable laws, I understand that providing the personal data for profiling and marketing purposes is optional and I:",
                "HEADER_SUB_1": "",
                "GENERAL_CONSENT_NAM": "",
                "HEADER_SUB_2": "",
                "FLAG_MARKETING_OPTIN_TEXT": "to the use of the Personal Data for marketing purposes (newsletters, news and promotions), in accordance to letter b. paragraph 2 of the information notice",
                "FLAG_PROFILING_OPTIN_TEXT": "to the use of the Personal Data for profiling purposes of my consumer behaviour, in accordance to letter c. paragraph 2 of the information notice",
                "HEADER_SUB_3": "",
                "FOOTER_SUB_1": "",
                "FLAG_TEXT_MESSAGE": "",
                "PRIVACY_LINK": "I confirm that I have read Marni's privacy policy.",
                "PRIVACY_LINK_DCB": "I confirm that I have read privacy policy.",
                "AGREE": "Agree"
            }
        },
        "US": {
            "PRIVACY": {
                "HEADER": "Consent to the processing of Personal Data (For data collected in stores)",
                "HEADER_SUB": "I confirm I’m over 16 years old and I have read the Privacy Statement provided by Data Controllers in accordance with local applicable laws.",
                "HEADER_SUB_1": "",
                "GENERAL_CONSENT_NAM": "I agree to the collection, use, disclosure or processing of my Personal Data by the Data Controller for the purposes stated in the Privacy Statement.",
                "HEADER_SUB_2": "",
                "FLAG_MARKETING_OPTIN_TEXT": "I understand that providing the Personal Data for profiling and marketing purposes is optional and I agree to the use of the Personal Data for marketing purposes, dispatch of newsletters, news and promotions, advertising material or direct selling, market research, commercial communication even customized with automated (e-mail, other communication systems via communication networks such as, by way of example but not limited to SMS, MMS, WhatsApp) and traditional (paper mail) contact methods as well as offering of customized sales services at Data Controllers stores worldwide (even e-commerce). I can unsubscribe by clicking the unsubscribe link on any message, or by contacting.",
                "FLAG_PROFILING_OPTIN_TEXT": "I agree to the use of the Personal Data for profiling purposes, that is analysis of my consumer choices consistent in automated processing of the Personal Data included those Personal Data related to purchases details in stores and websites of Data Controllers worldwide. This processing is finalized to predict my purchase preferences and to create customers profiles.",
                "HEADER_SUB_3": "Consent to be contacted and receive electronic messages",
                "FOOTER_SUB_1": "You can withdraw your consent at any time by clicking the unsubscribe link in the electronic messages or by contacting the Data Controllers at the following information:<br/><ul><li><b>OTB S.p.A.</b>, with registered offices in Italy, Breganze (Vi), Via dell'Industria 2, 36042, telephone +390445306555, email privacy@otb.net, </li><li><b>Marni Group Srl</b>, with registered offices in Italy, Milan, Via Sismondi Gian Carlo 70/B, 20133, telephone +390271055300, email privacy@marni.com.</li></ul>",
                "FLAG_TEXT_MESSAGE": "You consent to us contacting you by phone, SMS, email, and other electronic messages about our products and promotions, including newsletters.",
                "PRIVACY_LINK": "I confirm that I have read Marni's privacy policy.",
                "PRIVACY_LINK_DCB": "I confirm that I have read privacy policy.",
                "AGREE": "Agree"
            }
        },
        "CN": {
            "PRIVACY": {
                "HEADER": "Consent to the processing of Personal Data",
                "HEADER_SUB": "I have read the information notice provided by the Data Controllers in accordance with local applicable laws, I understand that providing the personal data for profiling and marketing purposes is optional and I:",
                "HEADER_SUB_1": "",
                "GENERAL_CONSENT_NAM": "",
                "HEADER_SUB_2": "",
                "FLAG_MARKETING_OPTIN_TEXT": "to the use of the Personal Data for marketing purposes (newsletters, news and promotions), in accordance to letter b. paragraph 2 of the information notice",
                "FLAG_PROFILING_OPTIN_TEXT": "to the use of the Personal Data for profiling purposes of my consumer behaviour, in accordance to letter c. paragraph 2 of the information notice",
                "HEADER_SUB_3": "",
                "FOOTER_SUB_1": "",
                "FLAG_TEXT_MESSAGE": "",
                "PRIVACY_LINK": "I confirm that I have read Marni's privacy policy.",
                "PRIVACY_LINK_DCB": "I confirm that I have read privacy policy.",
                "AGREE": "Agree"
            }
        },
        "DEFAULT": {
            "PRIVACY": {
                "HEADER": "Consent to the processing of Personal Data",
                "HEADER_SUB": "I have read the information notice provided by the Data Controllers in accordance with local applicable laws, I understand that providing the personal data for profiling and marketing purposes is optional and I:",
                "HEADER_SUB_1": "",
                "GENERAL_CONSENT_NAM": "",
                "HEADER_SUB_2": "",
                "FLAG_MARKETING_OPTIN_TEXT": "to the use of the Personal Data for marketing purposes (newsletters, news and promotions), in accordance to letter b. paragraph 2 of the information notice",
                "FLAG_PROFILING_OPTIN_TEXT": "to the use of the Personal Data for profiling purposes of my consumer behaviour, in accordance to letter c. paragraph 2 of the information notice",
                "HEADER_SUB_3": "",
                "FOOTER_SUB_1": "",
                "FLAG_TEXT_MESSAGE": "",
                "PRIVACY_LINK": "I confirm that I have read Marni's privacy policy.",
                "PRIVACY_LINK_DCB": "I confirm that I have read privacy policy.",
                "AGREE": "Agree"
            }
        }
    },
    "5_80": {
        "DE": {
            "PRIVACY": {
                "HEADER": "PRIVACY PREFERENCES",
                "HEADER_SUB": "Join Maison Margiela<br><br>As a privileged member, receive tailor-made attentions responding to your personal profile. You will be entitled to invites to special events, updates on our new collections, notification when your favourite products arrive in store and exclusive offers.",
                "HEADER_SUB_1": "I confirm I am over 16 years old and I have read the information notice provided by Maison Margiela Group, local subsidiary, and relevant parent company OTB Spa in accordance with local applicable laws. I understand that providing the personal data for profiling and marketing purposes is optional and:",
                "GENERAL_CONSENT_NAM": "",
                "HEADER_SUB_2": "",
                "FLAG_MARKETING_OPTIN_TEXT": "I agree to the use of the Personal Data for marketing purposes (newsletters, news and promotions), in accordance to letter b. paragraph 2 of the information notice",
                "FLAG_PROFILING_OPTIN_TEXT": "I agree to the use of the Personal Data for profiling purposes of my consumer behaviour, in accordance to letter c. paragraph 2 of the information notice",
                "HEADER_SUB_3": "",
                "FOOTER_SUB_1": "",
                "FLAG_TEXT_MESSAGE": "",
                "PRIVACY_LINK": "I confirm that I have read Margiela’s privacy policy.",
                "PRIVACY_LINK_DCB": "I confirm that I have read privacy policy.",
                "AGREE": ""
            }
        },
        "FR": {
            "PRIVACY": {
                "HEADER": "PRIVACY PREFERENCES",
                "HEADER_SUB": "Join Maison Margiela<br><br>As a privileged member, receive tailor-made attentions responding to your profile. You will be entitled to invites to special events, updates on our new collections, notification when your favourite products arrive in store and exclusive offers.",
                "HEADER_SUB_1": "I confirm I am over 16 years old and I have read the information notice provided by Maison Margiela Group, local subsidiary and relevant parent company OTB Spa in accordance with local applicable laws. I understand that providing the personal data for profiling and marketing purposes is optional and:",
                "GENERAL_CONSENT_NAM": "",
                "HEADER_SUB_2": "",
                "FLAG_MARKETING_OPTIN_TEXT": "I agree to the use of the Personal Data for marketing purposes (newsletters, news and promotions), in accordance to letter b. paragraph 2 of the information notice",
                "FLAG_PROFILING_OPTIN_TEXT": "I agree to the use of the Personal Data for profiling purposes of my consumer behaviour, in accordance to letter c. paragraph 2 of the information notice",
                "HEADER_SUB_3": "",
                "FOOTER_SUB_1": "",
                "FLAG_TEXT_MESSAGE": "",
                "PRIVACY_LINK": "I confirm that I have read Margiela’s privacy policy.",
                "PRIVACY_LINK_DCB": "I confirm that I have read privacy policy.",
                "AGREE": ""
            }
        },
        "HK": {
            "PRIVACY": {
                "HEADER": "PRIVACY PREFERENCES",
                "HEADER_SUB": "加入Maison Margiela<br><br>作為尊貴會員，可以根據您的個人資料獲得量身定制的關注。您將尊享特別活動的邀約、獲得我們的新款系列資訊、當您喜愛的商品到店以及有優惠活動時我們會發通知給您。",
                "HEADER_SUB_1": "若勾選下面的核取方塊，簽署並提交此表格，意味著我已閱讀和理解Maison Margiela集團、當地子公司和相關母公司OTB股份公司（下稱Maison Margiela）的《隱私政策》，並同意此表格背面提及的政策內容。",
                "GENERAL_CONSENT_NAM": "我同意 Maison Margiela將我的個人資訊轉移到我居住國以外的地區",
                "HEADER_SUB_2": "",
                "FLAG_MARKETING_OPTIN_TEXT": "我同意 Maison Margiela將個人資訊用於直接行銷的目的（電子報、新聞和促銷）",
                "FLAG_PROFILING_OPTIN_TEXT": "我同意 Maison Margiela使用我的個人資訊分析我的購物傾向和行為，以更好地為我定制全面的客戶體驗",
                "HEADER_SUB_3": "",
                "FOOTER_SUB_1": "Maison Margiela在嚴格遵守隱私政策的前提下，可能會分別收集、使用和存儲我在此應用程式中提供的個人資訊，以便為我提供服務、直接行銷和分析我的購物傾向和行為。我自願提供我的個人資訊，如果我不提供這些資訊，Maison Margiela可能無法提供所需的服務。我的個人資訊在任何時候都會被保密，但在符合隱私政策的前提下，可以在保密的基礎上提供給協力廠商（我已閱讀並確認協力廠商名單）。<br>直接行銷：<br>（1）只有在我同意的前提下Maison Margiela才可將我的個人資訊用於直接促銷。<br>（2）在遵守隱私政策的前提下，Maison Margiela可能會用我的個人資訊與我聯繫，提供關於服裝和配飾、珠寶、行李和箱包、化妝品、忠誠度和獎勵計畫方面的新聞、活動和促銷優惠資訊。<br>傳輸到我居住國以外的地方：<br>（3）出於隱私政策中規定的目的，在我同意的前提下，我的個人資訊可能會被傳輸到我居住國以外的地方。<br> 我已知悉我可以隨時拒絕接收直接行銷通知，或要求訪問和更正/刪除我的個人資訊，只需點擊“取消訂閱”連結或發送郵件至privacy@margiela.com聯繫Maison Margiela。",
                "FLAG_TEXT_MESSAGE": "",
                "PRIVACY_LINK": "I confirm that I have read Margiela’s privacy policy.",
                "PRIVACY_LINK_DCB": "I confirm that I have read privacy policy.",
                "AGREE": ""
            }
        },
        "IT": {
            "PRIVACY": {
                "HEADER": "PRIVACY PREFERENCES",
                "HEADER_SUB": "Join Maison Margiela<br><br>As a privileged member, receive tailor-made attentions responding to your profile. You will be entitled to invites to special events, updates on our new collections, notification when your favourite products arrive in store and exclusive offers.",
                "HEADER_SUB_1": "I confirm I am over 16 years old and I have read the information notice provided by Maison Margiela Group, local subsidiary and relevant parent company OTB Spa in accordance with local applicable laws. I understand that providing the personal data for profiling and marketing purposes is optional and:",
                "GENERAL_CONSENT_NAM": "",
                "HEADER_SUB_2": "",
                "FLAG_MARKETING_OPTIN_TEXT": "I agree to the use of the Personal Data for marketing purposes (newsletters, news and promotions), in accordance to letter b. paragraph 2 of the information notice",
                "FLAG_PROFILING_OPTIN_TEXT": "I agree to the use of the Personal Data for profiling purposes of my consumer behaviour, in accordance to letter c. paragraph 2 of the information notice",
                "HEADER_SUB_3": "",
                "FOOTER_SUB_1": "",
                "FLAG_TEXT_MESSAGE": "",
                "PRIVACY_LINK": "I confirm that I have read Margiela’s privacy policy.",
                "PRIVACY_LINK_DCB": "I confirm that I have read privacy policy.",
                "AGREE": ""
            }
        },
        "JP": {
            "PRIVACY": {
                "HEADER": "PRIVACY PREFERENCES",
                "HEADER_SUB": "Join Maison Margiela<br><br>As a privileged member, receive tailor-made attentions responding to your personal profile. You will be entitled to invites to special events, updates on our new collections, notification when your favourite products arrive in store and exclusive offers.",
                "HEADER_SUB_1": "I confirm I am over 16 years old and I have read the information notice provided by Maison Margiela Group, local subsidiary, and relevant parent company OTB Spa in accordance with local applicable laws. I understand that providing the personal data for profiling and marketing purposes is optional and:",
                "GENERAL_CONSENT_NAM": "",
                "HEADER_SUB_2": "",
                "FLAG_MARKETING_OPTIN_TEXT": "I agree to the use of the Personal Data for marketing purposes (newsletters, news and promotions), in accordance to letter b. paragraph 2 of the information notice",
                "FLAG_PROFILING_OPTIN_TEXT": "I agree to the use of the Personal Data for profiling purposes of my consumer behaviour, in accordance to letter c. paragraph 2 of the information notice",
                "HEADER_SUB_3": "",
                "FOOTER_SUB_1": "",
                "FLAG_TEXT_MESSAGE": "",
                "PRIVACY_LINK": "I confirm that I have read Margiela’s privacy policy.",
                "PRIVACY_LINK_DCB": "I confirm that I have read privacy policy.",
                "AGREE": ""
            }
        },
        "KR": {
            "PRIVACY": {
                "HEADER": "PRIVACY PREFERENCES",
                "HEADER_SUB": "Join Maison Margiela<br><br>As a privileged member, receive tailor-made attentions responding to your profile. You will be entitled to invites to special events, updates on our new collections, notification when your favourite products arrive in store and exclusive offers.",
                "HEADER_SUB_1": "I confirm I am over 16 years old and I have read the information notice provided by Maison Margiela Group, local subsidiary and relevant parent company OTB Spa in accordance with local applicable laws. I understand that providing the personal data for profiling and marketing purposes is optional and:",
                "GENERAL_CONSENT_NAM": "",
                "HEADER_SUB_2": "",
                "FLAG_MARKETING_OPTIN_TEXT": "I agree to the use of the Personal Data for marketing purposes (newsletters, news and promotions), in accordance to letter b. paragraph 2 of the information notice",
                "FLAG_PROFILING_OPTIN_TEXT": "I agree to the use of the Personal Data for profiling purposes of my consumer behaviour, in accordance to letter c. paragraph 2 of the information notice",
                "HEADER_SUB_3": "",
                "FOOTER_SUB_1": "",
                "FLAG_TEXT_MESSAGE": "",
                "PRIVACY_LINK": "I confirm that I have read Margiela’s privacy policy.",
                "PRIVACY_LINK_DCB": "I confirm that I have read privacy policy.",
                "AGREE": ""
            }
        },
        "GB": {
            "PRIVACY": {
                "HEADER": "PRIVACY PREFERENCES",
                "HEADER_SUB": "Join Maison Margiela<br><br>As a privileged member, receive tailor-made attentions responding to your personal profile. You will be entitled to invites to special events, updates on our new collections, notification when your favourite products arrive in store and exclusive offers.",
                "HEADER_SUB_1": "I confirm I am over 16 years old and I have read the information notice provided by Maison Margiela Group, local subsidiary, and relevant parent company OTB Spa in accordance with local applicable laws. I understand that providing the personal data for profiling and marketing purposes is optional and:",
                "GENERAL_CONSENT_NAM": "",
                "HEADER_SUB_2": "",
                "FLAG_MARKETING_OPTIN_TEXT": "I agree to the use of the Personal Data for marketing purposes (newsletters, news and promotions), in accordance to letter b. paragraph 2 of the information notice",
                "FLAG_PROFILING_OPTIN_TEXT": "I agree to the use of the Personal Data for profiling purposes of my consumer behaviour, in accordance to letter c. paragraph 2 of the information notice",
                "HEADER_SUB_3": "",
                "FOOTER_SUB_1": "",
                "FLAG_TEXT_MESSAGE": "",
                "PRIVACY_LINK": "I confirm that I have read Margiela’s privacy policy.",
                "PRIVACY_LINK_DCB": "I confirm that I have read privacy policy.",
                "AGREE": ""
            }
        },
        "US": {
            "PRIVACY": {
                "HEADER": "PRIVACY PREFERENCES",
                "HEADER_SUB": "Join Maison Margiela<br><br>As a privileged member, receive tailor-made attentions responding to your personal profile. You will be entitled to invites to special events, updates on our new collections, notification when your favorite products arrive in store and exclusive offers.",
                "HEADER_SUB_1": "",
                "GENERAL_CONSENT_NAM": "I confirm I am over 16 years old and I have read the Privacy Statement provided by Maison Margiela Group, local subsidiary and relevant parent company OTB Spa (named below Maison Margiela) in accordance with local applicable laws. By doing so, I also understand that providing the Personal Data for marketing and profiling purposes is optional.",
                "HEADER_SUB_2": "",
                "FLAG_MARKETING_OPTIN_TEXT": "I agree to the use of the Personal Data for marketing purposes (email, SMS and other electronic messages), direct selling, market research, commercial communication as well as offering of customized sales services at Maison Margiela stores worldwide. I can unsubscribe by clicking the unsubscribe link on any message or by contacting Maison Margiela as mentioned in the back of this form.",
                "FLAG_PROFILING_OPTIN_TEXT": "I agree to the use of the Personal Data for profiling purposes, that is analysis of my consumer choices included those related to purchases details in Data Controllers stores and websites worldwide. The goal is to personalize my experience by predicting my purchase preferences and creating customers profiles.I can withdraw my consent at any time by contacting Maison Margiela as mentioned in the back of this form.",
                "HEADER_SUB_3": "",
                "FOOTER_SUB_1": "",
                "FLAG_TEXT_MESSAGE": "",
                "PRIVACY_LINK": "I confirm that I have read Margiela’s privacy policy.",
                "PRIVACY_LINK_DCB": "I confirm that I have read privacy policy.",
                "AGREE": "Agree"
            }
        },
        "CN": {
            "PRIVACY": {
                "HEADER": "PRIVACY PREFERENCES",
                "HEADER_SUB": "加入Maison Margiela<br><br>作为尊贵会员，可以根据您的个人资料获得量身定制的关注。您将尊享特别活动的邀约、获得我们的新款系列信息、当您喜爱的商品到店以及有优惠活动时我们会发通知给您。",
                "HEADER_SUB_1": "我声明我已超过16岁，我已阅读Maison Margiela集团、当地子公司以及相关母公司OTB股份公司按照当地适用法律提供的须知。我明白所提供的个人信息目的是用于分析和营销，该信息的提供是可选的，并且：",
                "GENERAL_CONSENT_NAM": "",
                "HEADER_SUB_2": "",
                "FLAG_MARKETING_OPTIN_TEXT": "我同意按照须知的第2段b条所述，将个人信息用于营销目的（电子报、新闻和促销）。",
                "FLAG_PROFILING_OPTIN_TEXT": "我同意按照须知的第2段c条所述，将个人信息用于我的个人消费习惯的分析目的。",
                "HEADER_SUB_3": "",
                "FOOTER_SUB_1": "",
                "FLAG_TEXT_MESSAGE": "",
                "PRIVACY_LINK": "I confirm that I have read Margiela’s privacy policy.",
                "PRIVACY_LINK_DCB": "I confirm that I have read privacy policy.",
                "AGREE": ""
            }
        },
        "DEFAULT": {
            "PRIVACY": {
                "HEADER": "PRIVACY PREFERENCES",
                "HEADER_SUB": "Join Maison Margiela<br><br>As a privileged member, receive tailor-made attentions responding to your profile. You will be entitled to invites to special events, updates on our new collections, notification when your favourite products arrive in store and exclusive offers.",
                "HEADER_SUB_1": "I confirm I am over 16 years old and I have read the information notice provided by Maison Margiela Group, local subsidiary and relevant parent company OTB Spa in accordance with local applicable laws. I understand that providing the personal data for profiling and marketing purposes is optional and:",
                "GENERAL_CONSENT_NAM": "",
                "HEADER_SUB_2": "",
                "FLAG_MARKETING_OPTIN_TEXT": "I agree to the use of the Personal Data for marketing purposes (newsletters, news and promotions), in accordance to letter b. paragraph 2 of the information notice",
                "FLAG_PROFILING_OPTIN_TEXT": "I agree to the use of the Personal Data for profiling purposes of my consumer behaviour, in accordance to letter c. paragraph 2 of the information notice",
                "HEADER_SUB_3": "",
                "FOOTER_SUB_1": "",
                "FLAG_TEXT_MESSAGE": "",
                "PRIVACY_LINK": "I confirm that I have read Margiela’s privacy policy.",
                "PRIVACY_LINK_DCB": "I confirm that I have read privacy policy.",
                "AGREE": ""
            }
        }
    }
}